"    Kernel: void cudnn::winograd_nonfused::winogradForwardOutput4x4<float, float>(cudnn::winograd_nonfused::WinogradOutputParams<float, float>)",2,dram_read_throughput,Device,Memory,Read,Throughput,214.91,234.8,225.74
"    Kernel: void Eigen::internal::EigenMetaKernel<Eigen::TensorEvaluator<Eigen::TensorAssignOp<Eigen::TensorMap<Eigen::Tensor<float, int=5, int=1, int>, int=16, Eigen::MakePointer>, Eigen::TensorBroadcastingOp<Eigen::array<int, unsigned long=5> const , Eigen::TensorMap<Eigen::Tensor<float const , int=5, int=1, int>, int=16, Eigen::MakePointer> const > const > const , Eigen::GpuDevice>, int>(float, int=5)",300,dram_read_throughput,Device,Memory,Read,Throughput,1.5737,1.7532,1.6888
"    Kernel: void flip_filter<float, float>(float*, float const *, int, int, int, int)",3,dram_read_throughput,Device,Memory,Read,Throughput,2.1559,18.203,4.5686
"    Kernel: void Eigen::internal::EigenMetaKernel<Eigen::TensorEvaluator<Eigen::TensorAssignOp<Eigen::TensorMap<Eigen::Tensor<float, int=4, int=1, int>, int=16, Eigen::MakePointer>, Eigen::TensorCwiseBinaryOp<Eigen::internal::scalar_quotient_op<float, float>, Eigen::TensorBroadcastingOp<Eigen::array<long, unsigned long=4> const , Eigen::TensorMap<Eigen::Tensor<float const , int=4, int=1, int>, int=16, Eigen::MakePointer> const > const , Eigen::TensorBroadcastingOp<Eigen::array<long, unsigned long=4> const , Eigen::TensorMap<Eigen::Tensor<float const , int=4, int=1, int>, int=16, Eigen::MakePointer> const > const > const > const , Eigen::GpuDevice>, int>(float, int=4)",300,dram_read_throughput,Device,Memory,Read,Throughput,12.739,13.129,12.964
    Kernel: maxwell_gcgemm_32x32_nt,4,dram_read_throughput,Device,Memory,Read,Throughput,10.637,98.061,92.169
    Kernel: maxwell_sgemm_128x64_nn,4500,dram_read_throughput,Device,Memory,Read,Throughput,1.4388,107.33,1.9478
    Kernel: maxwell_scudnn_winograd_128x128_ldg1_ldg4_tile148t_nt,1,dram_read_throughput,Device,Memory,Read,Throughput,4.5352,4.5352,4.5352
"    Kernel: void Eigen::internal::EigenMetaKernel<Eigen::TensorEvaluator<Eigen::TensorAssignOp<Eigen::TensorMap<Eigen::Tensor<float, int=2, int=1, int>, int=16, Eigen::MakePointer>, Eigen::TensorCwiseBinaryOp<Eigen::internal::scalar_sum_op<float, float>, Eigen::TensorBroadcastingOp<Eigen::array<long, unsigned long=2> const , Eigen::TensorMap<Eigen::Tensor<float const , int=2, int=1, int>, int=16, Eigen::MakePointer> const > const , Eigen::TensorMap<Eigen::Tensor<float const , int=2, int=1, int>, int=16, Eigen::MakePointer> const > const > const , Eigen::GpuDevice>, int>(float, int=2)",700,dram_read_throughput,Device,Memory,Read,Throughput,0.63578,143.86,127.65
"    Kernel: void tensorflow::functor::ColumnReduceSimpleKernel<float*, float*, tensorflow::functor::Sum<float>>(float*, float*, int, int, int, float)",600,dram_read_throughput,Device,Memory,Read,Throughput,0.62536,291.45,265.85
"    Kernel: void Eigen::internal::EigenMetaKernel<Eigen::TensorEvaluator<Eigen::TensorAssignOp<Eigen::TensorMap<Eigen::Tensor<float, int=2, int=1, int>, int=16, Eigen::MakePointer>, Eigen::TensorCwiseBinaryOp<Eigen::internal::scalar_product_op<float, float>, Eigen::TensorMap<Eigen::Tensor<float const , int=2, int=1, int>, int=16, Eigen::MakePointer> const , Eigen::TensorBroadcastingOp<Eigen::array<long, unsigned long=2> const , Eigen::TensorMap<Eigen::Tensor<float const , int=2, int=1, int>, int=16, Eigen::MakePointer> const > const > const > const , Eigen::GpuDevice>, int>(float, int=2)",1800,dram_read_throughput,Device,Memory,Read,Throughput,0.80041,7.4506,3.2497
"    Kernel: void Eigen::internal::EigenMetaKernel<Eigen::TensorEvaluator<Eigen::TensorAssignOp<Eigen::TensorMap<Eigen::Tensor<float, int=1, int=1, int>, int=16, Eigen::MakePointer>, Eigen::TensorCwiseUnaryOp<Eigen::internal::scalar_sin_op<float>, Eigen::TensorMap<Eigen::Tensor<float const , int=1, int=1, int>, int=16, Eigen::MakePointer> const > const > const , Eigen::GpuDevice>, int>(float, int=1)",900,dram_read_throughput,Device,Memory,Read,Throughput,0.0,59.519,34.131
"    Kernel: void Eigen::internal::EigenMetaKernel<Eigen::TensorEvaluator<Eigen::TensorAssignOp<Eigen::TensorMap<Eigen::Tensor<float, int=1, int=1, int>, int=16, Eigen::MakePointer>, Eigen::TensorCwiseBinaryOp<Eigen::internal::scalar_product_op<float, float>, Eigen::TensorMap<Eigen::Tensor<float const , int=1, int=1, int>, int=16, Eigen::MakePointer> const , Eigen::TensorMap<Eigen::Tensor<float const , int=1, int=1, long>, int=16, Eigen::MakePointer> const > const > const , Eigen::GpuDevice>, long>(float, int=1)",8100,dram_read_throughput,Device,Memory,Read,Throughput,0.0,201.02,158.08
"    Kernel: void Eigen::internal::EigenMetaKernel<Eigen::TensorEvaluator<Eigen::TensorAssignOp<Eigen::TensorMap<Eigen::Tensor<float, int=1, int=1, long>, int=16, Eigen::MakePointer>, Eigen::TensorSelectOp<Eigen::TensorCwiseBinaryOp<Eigen::internal::scalar_cmp_op<float const , float const , Eigen::internal::ComparisonName>, Eigen::TensorMap<Eigen::Tensor<float const , int=1, int=1, long>, int=16, Eigen::MakePointer> const , Eigen::TensorCwiseNullaryOp<Eigen::internal::scalar_constant_op<float const >, Eigen::TensorMap<Eigen::Tensor<float const , int=1, int=1, long>, int=16, Eigen::MakePointer> const > const > const , Eigen::TensorMap<Eigen::Tensor<float const , int=1, int=1, long>, int=16, Eigen::MakePointer> const , Eigen::TensorSelectOp<Eigen::TensorCwiseBinaryOp<Eigen::internal::scalar_cmp_op<float const , float const , Eigen::internal::ComparisonName>, Eigen::TensorMap<Eigen::Tensor<float const , int=1, int=1, long>, int=16, Eigen::MakePointer> const , Eigen::TensorCwiseNullaryOp<Eigen::internal::scalar_constant_op<float const >, Eigen::TensorMap<Eigen::Tensor<float const , int=1, int=1, long>, int=16, Eigen::MakePointer> const > const > const , Eigen::TensorCwiseUnaryOp<Eigen::internal::scalar_exp_op<float const >, Eigen::TensorMap<Eigen::Tensor<float const , int=1, int=1, long>, int=16, Eigen::MakePointer> const > const , Eigen::TensorCwiseUnaryOp<Eigen::internal::scalar_log_op<float>, Eigen::TensorCwiseBinaryOp<Eigen::internal::scalar_sum_op<float, float>, Eigen::TensorCwiseUnaryOp<Eigen::internal::scalar_exp_op<float const >, Eigen::TensorMap<Eigen::Tensor<float const , int=1, int=1, long>, int=16, Eigen::MakePointer> const > const , Eigen::TensorCwiseNullaryOp<Eigen::internal::scalar_constant_op<float const >, Eigen::TensorMap<Eigen::Tensor<float const , int=1, int=1, long>, int=16, Eigen::MakePointer> const > const > const > const > const > const > const , Eigen::GpuDevice>, long>(float, int=1)",300,dram_read_throughput,Device,Memory,Read,Throughput,61.211,103.12,98.821
"    Kernel: void Eigen::internal::EigenMetaKernel<Eigen::TensorEvaluator<Eigen::TensorAssignOp<Eigen::TensorMap<Eigen::Tensor<float, int=1, int=1, int>, int=16, Eigen::MakePointer>, Eigen::TensorCwiseUnaryOp<Eigen::internal::scalar_left<float, float, Eigen::internal::scalar_sum_op<float, float>, bool=0>, Eigen::TensorMap<Eigen::Tensor<float const , int=1, int=1, int>, int=16, Eigen::MakePointer> const > const > const , Eigen::GpuDevice>, int>(float, int=1)",1400,dram_read_throughput,Device,Memory,Read,Throughput,0.34208,24.177,1.027
"    Kernel: void cudnn::detail::explicit_convolve_sgemm<float, int, int=128, int=6, int=7, int=3, int=3, int=5, int=0, bool=1>(int, int, int, float const *, int, float const , int, cudnn::detail::explicit_convolve_sgemm<float, int, int=128, int=6, int=7, int=3, int=3, int=5, int=0, bool=1>*, kernel_conv_params, int, int, float, float, int, float const *, float const *)",3,dram_read_throughput,Device,Memory,Read,Throughput,17.358,79.703,53.772
"    Kernel: void Eigen::internal::EigenMetaKernel<Eigen::TensorEvaluator<Eigen::TensorAssignOp<Eigen::TensorMap<Eigen::Tensor<float, int=3, int=1, int>, int=16, Eigen::MakePointer>, Eigen::TensorCwiseBinaryOp<Eigen::internal::scalar_product_op<float, float>, Eigen::TensorBroadcastingOp<Eigen::array<long, unsigned long=3> const , Eigen::TensorMap<Eigen::Tensor<float const , int=3, int=1, int>, int=16, Eigen::MakePointer> const > const , Eigen::TensorBroadcastingOp<Eigen::array<long, unsigned long=3> const , Eigen::TensorMap<Eigen::Tensor<float const , int=3, int=1, int>, int=16, Eigen::MakePointer> const > const > const > const , Eigen::GpuDevice>, int>(float, int=3)",300,dram_read_throughput,Device,Memory,Read,Throughput,155.38,164.14,160.72
    Kernel: maxwell_sgemm_128x128_nn,2,dram_read_throughput,Device,Memory,Read,Throughput,7.6673,113.37,80.578
"    Kernel: void Eigen::internal::EigenMetaKernel<Eigen::TensorEvaluator<Eigen::TensorAssignOp<Eigen::TensorMap<Eigen::Tensor<float, int=3, int=1, int>, int=16, Eigen::MakePointer>, Eigen::TensorSlicingOp<Eigen::DSizes<int, int=3> const , Eigen::DSizes<int, int=3> const , Eigen::TensorMap<Eigen::Tensor<float const , int=3, int=1, int>, int=16, Eigen::MakePointer> const > const > const , Eigen::GpuDevice>, int>(float, int=3)",300,dram_read_throughput,Device,Memory,Read,Throughput,50.873,63.154,56.003
"    Kernel: void Eigen::internal::EigenMetaKernel<Eigen::TensorEvaluator<Eigen::TensorAssignOp<Eigen::TensorMap<Eigen::Tensor<float, int=1, int=1, long>, int=16, Eigen::MakePointer>, Eigen::TensorCwiseBinaryOp<Eigen::internal::scalar_sum_op<float const , float const >, Eigen::TensorMap<Eigen::Tensor<float const , int=1, int=1, long>, int=16, Eigen::MakePointer> const , Eigen::TensorMap<Eigen::Tensor<float const , int=1, int=1, long>, int=16, Eigen::MakePointer> const > const > const , Eigen::GpuDevice>, long>(float, int=1)",600,dram_read_throughput,Device,Memory,Read,Throughput,7.0277,201.21,163.55
"    Kernel: void fft2d_c2r_32x32<float, bool=0, bool=0, unsigned int=0, bool=0, bool=0>(float*, float2 const *, int, int, int, int, int, int, int, int, int, float, float, cudnn::reduced_divisor, bool, float*, float*, int2, int, int)",4,dram_read_throughput,Device,Memory,Read,Throughput,172.9,184.09,178.37
"    Kernel: void tensorflow::functor::SwapDimension1And2InTensor3UsingTiles<unsigned int, int=1024, int=1024, int=2, bool=0>(unsigned int const *, tensorflow::functor::Dimension<int=3>, tensorflow::functor::SwapDimension1And2InTensor3UsingTiles<unsigned int, int=1024, int=1024, int=2, bool=0>*)",300,dram_read_throughput,Device,Memory,Read,Throughput,51.573,76.671,74.12
    Kernel: cudnn::maxwell::gemm::computeOffsetsKernel(cudnn::maxwell::gemm::ComputeOffsetsParams),5,dram_read_throughput,Device,Memory,Read,Throughput,0.54349,0.61887,0.5996900000000001
"    Kernel: void tensorflow::functor::BlockReduceKernel<float*, tensorflow::TransformOutputIterator<float, float, tensorflow::functor::DividesBy<float, float>, long>, int=256, tensorflow::functor::Sum<float>>(float*, float, int, float, std::iterator_traits<tensorflow::functor::BlockReduceKernel<float*, tensorflow::TransformOutputIterator<float, float, tensorflow::functor::DividesBy<float, float>, long>, int=256, tensorflow::functor::Sum<float>>>::value_type)",600,dram_read_throughput,Device,Memory,Read,Throughput,0.6130800000000001,1.0152,0.83874
"    Kernel: void gemv2N_kernel_val<float, float, float, int=128, int=8, int=4, int=4, int=1, cublasGemvParams<cublasGemvTensorBatched<float const >, cublasGemvTensorBatched<float>, float>>(float, float, float const )",1200,dram_read_throughput,Device,Memory,Read,Throughput,150.38,331.8,286.0
"    Kernel: void Eigen::internal::EigenMetaKernel<Eigen::TensorEvaluator<Eigen::TensorAssignOp<Eigen::TensorMap<Eigen::Tensor<float, int=2, int=1, int>, int=16, Eigen::MakePointer>, Eigen::TensorCwiseBinaryOp<Eigen::internal::scalar_sum_op<float, float>, Eigen::TensorMap<Eigen::Tensor<float const , int=2, int=1, int>, int=16, Eigen::MakePointer> const , Eigen::TensorBroadcastingOp<Eigen::array<long, unsigned long=2> const , Eigen::TensorMap<Eigen::Tensor<float const , int=2, int=1, int>, int=16, Eigen::MakePointer> const > const > const > const , Eigen::GpuDevice>, int>(float, int=2)",14000,dram_read_throughput,Device,Memory,Read,Throughput,0.0086698,159.47,124.53
"    Kernel: void Eigen::internal::EigenMetaKernel<Eigen::TensorEvaluator<Eigen::TensorAssignOp<Eigen::TensorMap<Eigen::Tensor<float, int=1, int=1, long>, int=16, Eigen::MakePointer>, Eigen::TensorCwiseBinaryOp<Eigen::internal::scalar_max_op<float const , float const >, Eigen::TensorMap<Eigen::Tensor<float const , int=1, int=1, long>, int=16, Eigen::MakePointer> const , Eigen::TensorCwiseNullaryOp<Eigen::internal::scalar_constant_op<float const >, Eigen::TensorMap<Eigen::Tensor<float const , int=1, int=1, long>, int=16, Eigen::MakePointer> const > const > const > const , Eigen::GpuDevice>, long>(float, int=1)",3000,dram_read_throughput,Device,Memory,Read,Throughput,0.24024,164.77,161.02
"    Kernel: void tensorflow::_GLOBAL__N__64_tmpxft_00066e33_00000000_12_softmax_op_gpu_cu_compute_75_cpp1_ii_d41ce5d8::GenerateNormalizedProb<float, float>(float const *, float const *, float const , tensorflow::_GLOBAL__N__64_tmpxft_00066e33_00000000_12_softmax_op_gpu_cu_compute_75_cpp1_ii_d41ce5d8::GenerateNormalizedProb<float, float>*, int, int, bool)",3000,dram_read_throughput,Device,Memory,Read,Throughput,0.0,0.89576,0.14997
"    Kernel: void Eigen::internal::EigenMetaKernel<Eigen::TensorEvaluator<Eigen::TensorAssignOp<Eigen::TensorMap<Eigen::Tensor<float, int=1, int=1, int>, int=16, Eigen::MakePointer>, Eigen::TensorCwiseUnaryOp<Eigen::internal::scalar_logistic_op<float>, Eigen::TensorMap<Eigen::Tensor<float const , int=1, int=1, int>, int=16, Eigen::MakePointer> const > const > const , Eigen::GpuDevice>, int>(float, int=1)",2700,dram_read_throughput,Device,Memory,Read,Throughput,0.0,155.83,86.74
    Kernel: redzone_checker,98,dram_read_throughput,Device,Memory,Read,Throughput,81.278,85.333,83.576
"    Kernel: void Eigen::internal::EigenMetaKernel<Eigen::TensorEvaluator<Eigen::TensorAssignOp<Eigen::TensorMap<Eigen::Tensor<float, int=1, int=1, int>, int=16, Eigen::MakePointer>, Eigen::TensorCwiseUnaryOp<Eigen::internal::scalar_right<float, float, Eigen::internal::scalar_product_op<float, float>, bool=0>, Eigen::TensorMap<Eigen::Tensor<float const , int=1, int=1, int>, int=16, Eigen::MakePointer> const > const > const , Eigen::GpuDevice>, int>(float, int=1)",1800,dram_read_throughput,Device,Memory,Read,Throughput,0.0,163.04,130.52
"    Kernel: void cudnn::detail::implicit_convolve_sgemm<float, float, int=128, int=6, int=7, int=3, int=3, int=5, int=1, bool=1, bool=0, bool=1>(int, int, int, float const *, int, float*, cudnn::detail::implicit_convolve_sgemm<float, float, int=128, int=6, int=7, int=3, int=3, int=5, int=1, bool=1, bool=0, bool=1>*, kernel_conv_params, int, float, float, int, float, float, int, int)",904,dram_read_throughput,Device,Memory,Read,Throughput,1.1808,38.217,21.621
"    Kernel: void cudnn::detail::explicit_convolve_sgemm<float, int, int=128, int=6, int=7, int=3, int=3, int=5, int=0, bool=0>(int, int, int, float const *, int, float const , int, cudnn::detail::explicit_convolve_sgemm<float, int, int=128, int=6, int=7, int=3, int=3, int=5, int=0, bool=0>*, kernel_conv_params, int, int, float, float, int, float const *, float const *)",1,dram_read_throughput,Device,Memory,Read,Throughput,90.58,90.58,90.58
"    Kernel: void tensorflow::_GLOBAL__N__63_tmpxft_0004b446_00000000_12_split_lib_gpu_cu_compute_75_cpp1_ii_cafee591::SplitOpKernel<float>(float const *, int, int, int, tensorflow::GpuDeviceArrayStruct<tensorflow::_GLOBAL__N__63_tmpxft_0004b446_00000000_12_split_lib_gpu_cu_compute_75_cpp1_ii_cafee591::SplitOpKernel<float>*, int=8>)",900,dram_read_throughput,Device,Memory,Read,Throughput,5.2748,54.479,49.243
"    Kernel: void Eigen::internal::EigenMetaKernel<Eigen::TensorEvaluator<Eigen::TensorAssignOp<Eigen::TensorMap<Eigen::Tensor<float, int=1, int=1, int>, int=16, Eigen::MakePointer>, Eigen::TensorCwiseBinaryOp<Eigen::internal::scalar_squared_difference_op<float>, Eigen::TensorMap<Eigen::Tensor<float const , int=1, int=1, int>, int=16, Eigen::MakePointer> const , Eigen::TensorMap<Eigen::Tensor<float const , int=1, int=1, long>, int=16, Eigen::MakePointer> const > const > const , Eigen::GpuDevice>, long>(float, int=1)",300,dram_read_throughput,Device,Memory,Read,Throughput,212.01,216.51,214.26
"    Kernel: void cudnn::detail::explicit_convolve_sgemm<float, int, int=128, int=5, int=5, int=3, int=3, int=3, int=0, bool=1>(int, int, int, float const *, int, float const , int, cudnn::detail::explicit_convolve_sgemm<float, int, int=128, int=5, int=5, int=3, int=3, int=3, int=0, bool=1>*, kernel_conv_params, int, int, float, float, int, float const *, float const *)",1,dram_read_throughput,Device,Memory,Read,Throughput,194.34,194.34,194.34
    Kernel: maxwell_sgemm_128x64_tn,2400,dram_read_throughput,Device,Memory,Read,Throughput,29.35,112.41,64.984
"    Kernel: void Eigen::internal::EigenMetaKernel<Eigen::TensorEvaluator<Eigen::TensorAssignOp<Eigen::TensorMap<Eigen::Tensor<float, int=3, int=1, int>, int=16, Eigen::MakePointer>, Eigen::TensorBroadcastingOp<Eigen::array<int, unsigned long=3> const , Eigen::TensorMap<Eigen::Tensor<float const , int=3, int=1, int>, int=16, Eigen::MakePointer> const > const > const , Eigen::GpuDevice>, int>(float, int=3)",300,dram_read_throughput,Device,Memory,Read,Throughput,9.897,10.901,10.334
"    Kernel: void fft2d_r2c_32x32<float, bool=0, unsigned int=0, bool=0>(float2*, float const *, int, int, int, int, int, int, int, int, int, cudnn::reduced_divisor, bool, int2, int, int)",5,dram_read_throughput,Device,Memory,Read,Throughput,98.091,126.66,122.07
"    Kernel: void cudnn::detail::implicit_convolve_sgemm<float, float, int=1024, int=5, int=5, int=3, int=3, int=3, int=1, bool=1, bool=0, bool=1>(int, int, int, float const *, int, float*, cudnn::detail::implicit_convolve_sgemm<float, float, int=1024, int=5, int=5, int=3, int=3, int=3, int=1, bool=1, bool=0, bool=1>*, kernel_conv_params, int, float, float, int, float, float, int, int)",301,dram_read_throughput,Device,Memory,Read,Throughput,112.41,129.34,121.1
"    Kernel: void fft1d_r2c_32<float, float, float2, bool=0, bool=0>(float2*, float const *, int, int3, int3, int2, int2)",1,dram_read_throughput,Device,Memory,Read,Throughput,22.886,22.886,22.886
"    Kernel: void fft1d_r2c_32<float, float, float2, bool=1, bool=0>(float2*, float const *, int, int3, int3, int2, int2)",1,dram_read_throughput,Device,Memory,Read,Throughput,4.5045,4.5045,4.5045
"    Kernel: void tensorflow::functor::RowReduceKernel<float*, float*, cub::Max>(float*, float*, int, int, cub::Max, std::iterator_traits<tensorflow::functor::RowReduceKernel<float*, float*, cub::Max>>::value_type)",300,dram_read_throughput,Device,Memory,Read,Throughput,7.2624,11.587,9.8039
"    Kernel: void Eigen::internal::EigenMetaKernel<Eigen::TensorEvaluator<Eigen::TensorAssignOp<Eigen::TensorMap<Eigen::Tensor<float, int=2, int=1, int>, int=16, Eigen::MakePointer>, Eigen::TensorCwiseBinaryOp<Eigen::internal::scalar_quotient_op<float, float>, Eigen::TensorBroadcastingOp<Eigen::array<long, unsigned long=2> const , Eigen::TensorMap<Eigen::Tensor<float const , int=2, int=1, int>, int=16, Eigen::MakePointer> const > const , Eigen::TensorBroadcastingOp<Eigen::array<long, unsigned long=2> const , Eigen::TensorMap<Eigen::Tensor<float const , int=2, int=1, int>, int=16, Eigen::MakePointer> const > const > const > const , Eigen::GpuDevice>, int>(float, int=2)",300,dram_read_throughput,Device,Memory,Read,Throughput,150.47,160.68,157.09
"    Kernel: void tensorflow::functor::RowReduceKernel<float*, float*, tensorflow::functor::Sum<float>>(float*, float*, int, int, float, std::iterator_traits<tensorflow::functor::RowReduceKernel<float*, float*, tensorflow::functor::Sum<float>>>::value_type)",300,dram_read_throughput,Device,Memory,Read,Throughput,41.345,41.638,41.475
"    Kernel: void im2col4d_kernel<float, int>(im2col4d_params, cudnnConvolutionStruct, cudnnTensor4dStruct, float const *, float*, int)",5,dram_read_throughput,Device,Memory,Read,Throughput,30.615,85.62,47.717
"    Kernel: void Eigen::internal::EigenMetaKernel<Eigen::TensorEvaluator<Eigen::TensorAssignOp<Eigen::TensorMap<Eigen::Tensor<float, int=2, int=1, int>, int=16, Eigen::MakePointer>, Eigen::TensorCwiseBinaryOp<Eigen::internal::scalar_difference_op<float, float>, Eigen::TensorBroadcastingOp<Eigen::array<long, unsigned long=2> const , Eigen::TensorMap<Eigen::Tensor<float const , int=2, int=1, int>, int=16, Eigen::MakePointer> const > const , Eigen::TensorMap<Eigen::Tensor<float const , int=2, int=1, int>, int=16, Eigen::MakePointer> const > const > const , Eigen::GpuDevice>, int>(float, int=2)",1800,dram_read_throughput,Device,Memory,Read,Throughput,61.355,134.78,122.43
"    Kernel: void tensorflow::functor::RowReduceKernel<float*, tensorflow::TransformOutputIterator<float, float, tensorflow::functor::DividesBy<float, float>, long>, tensorflow::functor::Sum<float>>(float*, float, int, int, float, std::iterator_traits<tensorflow::functor::RowReduceKernel<float*, tensorflow::TransformOutputIterator<float, float, tensorflow::functor::DividesBy<float, float>, long>, tensorflow::functor::Sum<float>>>::value_type)",3600,dram_read_throughput,Device,Memory,Read,Throughput,0.027356000000000002,0.62226,0.17984
"    Kernel: void Eigen::internal::EigenMetaKernel<Eigen::TensorEvaluator<Eigen::TensorAssignOp<Eigen::TensorMap<Eigen::Tensor<float, int=1, int=1, int>, int=16, Eigen::MakePointer>, Eigen::TensorCwiseUnaryOp<Eigen::internal::scalar_rsqrt_op<float>, Eigen::TensorMap<Eigen::Tensor<float const , int=1, int=1, int>, int=16, Eigen::MakePointer> const > const > const , Eigen::GpuDevice>, int>(float, int=1)",1800,dram_read_throughput,Device,Memory,Read,Throughput,0.16768,0.75172,0.32614
    Kernel: sgemm_32x32x32_NN_vec,10800,dram_read_throughput,Device,Memory,Read,Throughput,0.74983,127.28,55.23
"    Kernel: void cudnn::winograd_nonfused::winogradForwardData4x4<float, float>(cudnn::winograd_nonfused::WinogradDataParams<float, float>)",2,dram_read_throughput,Device,Memory,Read,Throughput,74.612,91.627,91.09
"    Kernel: void Eigen::internal::EigenMetaKernel<Eigen::TensorEvaluator<Eigen::TensorAssignOp<Eigen::TensorSlicingOp<Eigen::array<int, unsigned long=2> const , Eigen::array<int, unsigned long=2> const , Eigen::TensorMap<Eigen::Tensor<float, int=2, int=1, int>, int=16, Eigen::MakePointer>>, Eigen::TensorMap<Eigen::Tensor<float const , int=2, int=1, int>, int=16, Eigen::MakePointer> const > const , Eigen::GpuDevice>, int>(int, unsigned long=2)",12000,dram_read_throughput,Device,Memory,Read,Throughput,0.0,169.55,57.208
"    Kernel: void fft2d_c2r_32x32<float, bool=1, bool=0, unsigned int=0, bool=0, bool=0>(float*, float2 const *, int, int, int, int, int, int, int, int, int, float, float, cudnn::reduced_divisor, bool, float*, float*, int2, int, int)",2,dram_read_throughput,Device,Memory,Read,Throughput,258.83,286.77,272.08
"    Kernel: compute_gemm_pointers(float2**, float2 const *, int, float2 const *, int, float2 const *, int, int)",3,dram_read_throughput,Device,Memory,Read,Throughput,0.36825,0.45339999999999997,0.39283999999999997
    Kernel: maxwell_cgemm_32x32_tn,3,dram_read_throughput,Device,Memory,Read,Throughput,11.583,91.586,60.42
"    Kernel: void Eigen::internal::EigenMetaKernel<Eigen::TensorEvaluator<Eigen::TensorAssignOp<Eigen::TensorMap<Eigen::Tensor<float, int=2, int=1, int>, int=16, Eigen::MakePointer>, Eigen::TensorSlicingOp<Eigen::DSizes<long, int=2> const , Eigen::DSizes<long, int=2> const , Eigen::TensorMap<Eigen::Tensor<float const , int=2, int=1, int>, int=16, Eigen::MakePointer> const > const > const , Eigen::GpuDevice>, int>(float, int=2)",3000,dram_read_throughput,Device,Memory,Read,Throughput,0.0,158.71,140.47
"    Kernel: void Eigen::internal::EigenMetaKernel<Eigen::TensorEvaluator<Eigen::TensorAssignOp<Eigen::TensorMap<Eigen::Tensor<float, int=1, int=1, int>, int=16, Eigen::MakePointer>, Eigen::TensorCwiseUnaryOp<Eigen::internal::scalar_right<float, float, Eigen::internal::scalar_difference_op<float, float>, bool=0>, Eigen::TensorMap<Eigen::Tensor<float const , int=1, int=1, int>, int=16, Eigen::MakePointer> const > const > const , Eigen::GpuDevice>, int>(float, int=1)",300,dram_read_throughput,Device,Memory,Read,Throughput,7.2939,8.6169,8.1537
"    Kernel: void tensorflow::functor::ShuffleInTensor3Simple<float, int=2, int=1, int=0, bool=0>(int, float const *, tensorflow::functor::Dimension<int=3>, tensorflow::functor::ShuffleInTensor3Simple<float, int=2, int=1, int=0, bool=0>*)",1500,dram_read_throughput,Device,Memory,Read,Throughput,0.82988,61.325,50.225
    Kernel: maxwell_scudnn_winograd_128x128_ldg1_ldg4_tile228n_nt,301,dram_read_throughput,Device,Memory,Read,Throughput,65.456,72.314,68.169
"    Kernel: void fft1d_c2r_32<float2, float, float, bool=0, bool=1, bool=0, bool=0>(float*, float2 const *, int, int3, int3, int2, int, float, float, float*, float*)",1,dram_read_throughput,Device,Memory,Read,Throughput,269.42,269.42,269.42
"    Kernel: void Eigen::internal::EigenMetaKernel<Eigen::TensorEvaluator<Eigen::TensorAssignOp<Eigen::TensorMap<Eigen::Tensor<float, int=1, int=1, long>, int=16, Eigen::MakePointer>, Eigen::TensorConversionOp<float, Eigen::TensorMap<Eigen::Tensor<bool const , int=1, int=1, long>, int=16, Eigen::MakePointer> const > const > const , Eigen::GpuDevice>, long>(float, int=1)",600,dram_read_throughput,Device,Memory,Read,Throughput,0.35763,0.7345900000000001,0.42006
"    Kernel: void Eigen::internal::EigenMetaKernel<Eigen::TensorEvaluator<Eigen::TensorAssignOp<Eigen::TensorMap<Eigen::Tensor<float, int=1, int=1, long>, int=16, Eigen::MakePointer>, Eigen::TensorCwiseBinaryOp<Eigen::internal::scalar_min_op<float, float>, Eigen::TensorCwiseBinaryOp<Eigen::internal::scalar_max_op<float const , float const >, Eigen::TensorMap<Eigen::Tensor<float const , int=1, int=1, long>, int=16, Eigen::MakePointer> const , Eigen::TensorCwiseNullaryOp<Eigen::internal::scalar_constant_op<float const >, Eigen::TensorMap<Eigen::Tensor<float const , int=1, int=1, long>, int=16, Eigen::MakePointer> const > const > const , Eigen::TensorCwiseNullaryOp<Eigen::internal::scalar_constant_op<float>, Eigen::TensorCwiseBinaryOp<Eigen::internal::scalar_max_op<float const , float const >, Eigen::TensorMap<Eigen::Tensor<float const , int=1, int=1, long>, int=16, Eigen::MakePointer> const , Eigen::TensorCwiseNullaryOp<Eigen::internal::scalar_constant_op<float const >, Eigen::TensorMap<Eigen::Tensor<float const , int=1, int=1, long>, int=16, Eigen::MakePointer> const > const > const > const > const > const , Eigen::GpuDevice>, long>(float, int=1)",600,dram_read_throughput,Device,Memory,Read,Throughput,0.23585,22.957,11.28
"    Kernel: void fft2d_r2c_16x16<float>(float2*, float const *, int, int, int, int, int, int, int, int)",2,dram_read_throughput,Device,Memory,Read,Throughput,1.0779,29.646,8.4629
"    Kernel: void tensorflow::functor::RowReduceKernel<cub::TransformInputIterator<float, tensorflow::_GLOBAL__N__64_tmpxft_00066e33_00000000_12_softmax_op_gpu_cu_compute_75_cpp1_ii_d41ce5d8::SubtractAndExpFunctor<float, float>, cub::CountingInputIterator<int, long>, long>, float*, cub::Sum>(float, float, int, int, float, std::iterator_traits<tensorflow::functor::RowReduceKernel<cub::TransformInputIterator<float, tensorflow::_GLOBAL__N__64_tmpxft_00066e33_00000000_12_softmax_op_gpu_cu_compute_75_cpp1_ii_d41ce5d8::SubtractAndExpFunctor<float, float>, cub::CountingInputIterator<int, long>, long>, float*, cub::Sum>>::value_type)",3000,dram_read_throughput,Device,Memory,Read,Throughput,0.0,6.5545,1.0551
"    Kernel: void Eigen::internal::EigenMetaKernel<Eigen::TensorEvaluator<Eigen::TensorAssignOp<Eigen::TensorMap<Eigen::Tensor<float, int=1, int=1, int>, int=16, Eigen::MakePointer>, Eigen::TensorCwiseUnaryOp<Eigen::internal::scalar_left<float, float, Eigen::internal::scalar_difference_op<float, float>, bool=0>, Eigen::TensorMap<Eigen::Tensor<float const , int=1, int=1, int>, int=16, Eigen::MakePointer> const > const > const , Eigen::GpuDevice>, int>(float, int=1)",600,dram_read_throughput,Device,Memory,Read,Throughput,0.0,8.6199,0.31307
"    Kernel: void Eigen::internal::EigenMetaKernel<Eigen::TensorEvaluator<Eigen::TensorAssignOp<Eigen::TensorMap<Eigen::Tensor<float, int=1, int=1, int>, int=16, Eigen::MakePointer>, Eigen::TensorSelectOp<Eigen::TensorMap<Eigen::Tensor<bool const , int=1, int=1, int>, int=16, Eigen::MakePointer> const , Eigen::TensorMap<Eigen::Tensor<float const , int=1, int=1, int>, int=16, Eigen::MakePointer> const , Eigen::TensorMap<Eigen::Tensor<float const , int=1, int=1, int>, int=16, Eigen::MakePointer> const > const > const , Eigen::GpuDevice>, int>(float, int=1)",600,dram_read_throughput,Device,Memory,Read,Throughput,77.708,148.63,141.04
"    Kernel: void Eigen::internal::EigenMetaKernel<Eigen::TensorEvaluator<Eigen::TensorAssignOp<Eigen::TensorMap<Eigen::Tensor<float, int=1, int=1, int>, int=16, Eigen::MakePointer>, Eigen::TensorCwiseUnaryOp<Eigen::internal::scalar_right<float, float, Eigen::internal::scalar_sum_op<float, float>, bool=0>, Eigen::TensorMap<Eigen::Tensor<float const , int=1, int=1, int>, int=16, Eigen::MakePointer> const > const > const , Eigen::GpuDevice>, int>(float, int=1)",4000,dram_read_throughput,Device,Memory,Read,Throughput,0.0,151.97,99.085
"    Kernel: void fft2d_r2c_32x32<float, bool=0, unsigned int=1, bool=0>(float2*, float const *, int, int, int, int, int, int, int, int, int, cudnn::reduced_divisor, bool, int2, int, int)",3,dram_read_throughput,Device,Memory,Read,Throughput,0.77228,34.16,22.899
"    Kernel: void Eigen::internal::EigenMetaKernel<Eigen::TensorEvaluator<Eigen::TensorAssignOp<Eigen::TensorMap<Eigen::Tensor<float, int=4, int=1, int>, int=16, Eigen::MakePointer>, Eigen::TensorCwiseBinaryOp<Eigen::internal::scalar_product_op<float, float>, Eigen::TensorBroadcastingOp<Eigen::array<long, unsigned long=4> const , Eigen::TensorMap<Eigen::Tensor<float const , int=4, int=1, int>, int=16, Eigen::MakePointer> const > const , Eigen::TensorBroadcastingOp<Eigen::array<long, unsigned long=4> const , Eigen::TensorMap<Eigen::Tensor<float const , int=4, int=1, int>, int=16, Eigen::MakePointer> const > const > const > const , Eigen::GpuDevice>, int>(float, int=4)",300,dram_read_throughput,Device,Memory,Read,Throughput,0.743,0.79849,0.7659400000000001
"    Kernel: void Eigen::internal::EigenMetaKernel<Eigen::TensorEvaluator<Eigen::TensorAssignOp<Eigen::TensorMap<Eigen::Tensor<float, int=2, int=1, int>, int=16, Eigen::MakePointer>, Eigen::TensorCwiseBinaryOp<Eigen::internal::scalar_product_op<float, float>, Eigen::TensorBroadcastingOp<Eigen::array<long, unsigned long=2> const , Eigen::TensorMap<Eigen::Tensor<float const , int=2, int=1, int>, int=16, Eigen::MakePointer> const > const , Eigen::TensorMap<Eigen::Tensor<float const , int=2, int=1, int>, int=16, Eigen::MakePointer> const > const > const , Eigen::GpuDevice>, int>(float, int=2)",1200,dram_read_throughput,Device,Memory,Read,Throughput,3.7915,130.71,50.74
"    Kernel: void Eigen::internal::EigenMetaKernel<Eigen::TensorEvaluator<Eigen::TensorAssignOp<Eigen::TensorMap<Eigen::Tensor<float, int=4, int=1, int>, int=16, Eigen::MakePointer>, Eigen::TensorBroadcastingOp<Eigen::array<int, unsigned long=4> const , Eigen::TensorMap<Eigen::Tensor<float const , int=4, int=1, int>, int=16, Eigen::MakePointer> const > const > const , Eigen::GpuDevice>, int>(float, int=4)",1200,dram_read_throughput,Device,Memory,Read,Throughput,51.834,152.38,134.72
"    Kernel: void cudnn::winograd_nonfused::winogradForwardFilter4x4<float, float>(cudnn::winograd_nonfused::WinogradFilterParams<float, float>)",2,dram_read_throughput,Device,Memory,Read,Throughput,2.6541,47.607,31.013
"    Kernel: void Eigen::internal::EigenMetaKernel<Eigen::TensorEvaluator<Eigen::TensorAssignOp<Eigen::TensorMap<Eigen::Tensor<float, int=2, int=1, int>, int=16, Eigen::MakePointer>, Eigen::TensorCwiseBinaryOp<Eigen::internal::scalar_product_op<float, float>, Eigen::TensorBroadcastingOp<Eigen::array<long, unsigned long=2> const , Eigen::TensorMap<Eigen::Tensor<float const , int=2, int=1, int>, int=16, Eigen::MakePointer> const > const , Eigen::TensorBroadcastingOp<Eigen::array<long, unsigned long=2> const , Eigen::TensorMap<Eigen::Tensor<float const , int=2, int=1, int>, int=16, Eigen::MakePointer> const > const > const > const , Eigen::GpuDevice>, int>(float, int=2)",1800,dram_read_throughput,Device,Memory,Read,Throughput,0.35422000000000003,0.75001,0.4564
"    Kernel: void Eigen::internal::EigenMetaKernel<Eigen::TensorEvaluator<Eigen::TensorAssignOp<Eigen::TensorMap<Eigen::Tensor<float, int=5, int=1, int>, int=16, Eigen::MakePointer>, Eigen::TensorSlicingOp<Eigen::DSizes<int, int=5> const , Eigen::DSizes<int, int=5> const , Eigen::TensorMap<Eigen::Tensor<float const , int=5, int=1, int>, int=16, Eigen::MakePointer> const > const > const , Eigen::GpuDevice>, int>(float, int=5)",300,dram_read_throughput,Device,Memory,Read,Throughput,175.57,185.18,181.85
"    Kernel: void Eigen::internal::EigenMetaKernel<Eigen::TensorEvaluator<Eigen::TensorAssignOp<Eigen::TensorMap<Eigen::Tensor<float, int=1, int=1, int>, int=16, Eigen::MakePointer>, Eigen::TensorCwiseBinaryOp<Eigen::internal::scalar_sum_op<float, float>, Eigen::TensorMap<Eigen::Tensor<float const , int=1, int=1, int>, int=16, Eigen::MakePointer> const , Eigen::TensorMap<Eigen::Tensor<float const , int=1, int=1, long>, int=16, Eigen::MakePointer> const > const > const , Eigen::GpuDevice>, long>(float, int=1)",6000,dram_read_throughput,Device,Memory,Read,Throughput,0.0,201.2,142.97
"    Kernel: void Eigen::internal::EigenMetaKernel<Eigen::TensorEvaluator<Eigen::TensorAssignOp<Eigen::TensorMap<Eigen::Tensor<bool, int=1, int=1, int>, int=16, Eigen::MakePointer>, Eigen::TensorCwiseBinaryOp<Eigen::internal::equal_to<__int64>, Eigen::TensorMap<Eigen::Tensor<__int64 const , int=1, int=1, int>, int=16, Eigen::MakePointer> const , Eigen::TensorMap<Eigen::Tensor<__int64 const , int=1, int=1, long>, int=16, Eigen::MakePointer> const > const > const , Eigen::GpuDevice>, long>(bool, int=1)",600,dram_read_throughput,Device,Memory,Read,Throughput,0.8988700000000001,1.7039,1.2446
"    Kernel: void tensorflow::BiasNCHWKernel<float>(int, float const *, float const , tensorflow::BiasNCHWKernel<float>*, int, int)",1500,dram_read_throughput,Device,Memory,Read,Throughput,107.14,141.85,137.09
"    Kernel: void cudnn::winograd::generateWinogradTilesKernel<int=0, float, float>(cudnn::winograd::GenerateWinogradTilesParams<float, float>)",302,dram_read_throughput,Device,Memory,Read,Throughput,0.73125,55.757,24.914
    Kernel: maxwell_gcgemm_64x64_nt,1,dram_read_throughput,Device,Memory,Read,Throughput,25.704,25.704,25.704
    Kernel: maxwell_scudnn_128x128_relu_interior_nn,5,dram_read_throughput,Device,Memory,Read,Throughput,6.2633,89.687,29.071
"    Kernel: void Eigen::internal::EigenMetaKernel<Eigen::TensorEvaluator<Eigen::TensorAssignOp<Eigen::TensorMap<Eigen::Tensor<float, int=3, int=1, int>, int=16, Eigen::MakePointer>, Eigen::TensorCwiseBinaryOp<Eigen::internal::scalar_difference_op<float, float>, Eigen::TensorBroadcastingOp<Eigen::array<long, unsigned long=3> const , Eigen::TensorMap<Eigen::Tensor<float const , int=3, int=1, int>, int=16, Eigen::MakePointer> const > const , Eigen::TensorBroadcastingOp<Eigen::array<long, unsigned long=3> const , Eigen::TensorMap<Eigen::Tensor<float const , int=3, int=1, int>, int=16, Eigen::MakePointer> const > const > const > const , Eigen::GpuDevice>, int>(float, int=3)",2400,dram_read_throughput,Device,Memory,Read,Throughput,7.632,124.39,67.008
"    Kernel: void Eigen::internal::EigenMetaKernel<Eigen::TensorEvaluator<Eigen::TensorAssignOp<Eigen::TensorMap<Eigen::Tensor<bool, int=1, int=1, int>, int=16, Eigen::MakePointer>, Eigen::TensorCwiseUnaryOp<Eigen::internal::scalar_right<bool, float, Eigen::internal::less<float>, bool=0>, Eigen::TensorMap<Eigen::Tensor<float const , int=1, int=1, int>, int=16, Eigen::MakePointer> const > const > const , Eigen::GpuDevice>, int>(bool, int=1)",300,dram_read_throughput,Device,Memory,Read,Throughput,105.07,110.18,108.59
"    Kernel: void Eigen::internal::EigenMetaKernel<Eigen::TensorEvaluator<Eigen::TensorAssignOp<Eigen::TensorMap<Eigen::Tensor<float, int=1, int=1, int>, int=16, Eigen::MakePointer>, Eigen::TensorCwiseUnaryOp<Eigen::internal::scalar_left<float, float, Eigen::internal::scalar_product_op<float, float>, bool=0>, Eigen::TensorMap<Eigen::Tensor<float const , int=1, int=1, int>, int=16, Eigen::MakePointer> const > const > const , Eigen::GpuDevice>, int>(float, int=1)",6600,dram_read_throughput,Device,Memory,Read,Throughput,0.0,166.23,81.93
"    Kernel: void tensorflow::functor::RowReduceKernel<float const *, float*, cub::Max>(float const *, float*, int, int, cub::Max, std::iterator_traits<tensorflow::functor::RowReduceKernel<float const *, float*, cub::Max>>::value_type)",3000,dram_read_throughput,Device,Memory,Read,Throughput,0.0,139.39,35.937
"    Kernel: void tensorflow::functor::SwapDimension1And2InTensor3UsingTiles<unsigned int, int=256, int=32, int=32, bool=0>(unsigned int const *, tensorflow::functor::Dimension<int=3>, tensorflow::functor::SwapDimension1And2InTensor3UsingTiles<unsigned int, int=256, int=32, int=32, bool=0>*)",2400,dram_read_throughput,Device,Memory,Read,Throughput,0.0,155.35,117.35
"    Kernel: void tensorflow::functor::FillPhiloxRandomKernelLaunch<tensorflow::random::UniformDistribution<tensorflow::random::PhiloxRandom, float>>(tensorflow::random::PhiloxRandom, tensorflow::random::PhiloxRandomResultElementType*, __int64, tensorflow::functor::FillPhiloxRandomKernelLaunch<tensorflow::random::UniformDistribution<tensorflow::random::PhiloxRandom, float>>)",900,dram_read_throughput,Device,Memory,Read,Throughput,0.0,0.75805,0.24595
"    Kernel: void fft2d_c2r_16x16<float, bool=0>(float*, float2*, int, int, int, int, int, int, int, int, int, int, float, float, int, float*, float*)",1,dram_read_throughput,Device,Memory,Read,Throughput,252.65,252.65,252.65
"    Kernel: void Eigen::internal::EigenMetaKernel<Eigen::TensorEvaluator<Eigen::TensorAssignOp<Eigen::TensorMap<Eigen::Tensor<float, int=2, int=1, int>, int=16, Eigen::MakePointer>, Eigen::TensorCwiseBinaryOp<Eigen::internal::scalar_difference_op<float, float>, Eigen::TensorMap<Eigen::Tensor<float const , int=2, int=1, int>, int=16, Eigen::MakePointer> const , Eigen::TensorBroadcastingOp<Eigen::array<long, unsigned long=2> const , Eigen::TensorMap<Eigen::Tensor<float const , int=2, int=1, int>, int=16, Eigen::MakePointer> const > const > const > const , Eigen::GpuDevice>, int>(float, int=2)",300,dram_read_throughput,Device,Memory,Read,Throughput,159.26,167.39,163.64
"    Kernel: void Eigen::internal::EigenMetaKernel<Eigen::TensorEvaluator<Eigen::TensorAssignOp<Eigen::TensorMap<Eigen::Tensor<float, int=2, int=1, int>, int=16, Eigen::MakePointer>, Eigen::TensorCwiseBinaryOp<Eigen::internal::scalar_squared_difference_op<float>, Eigen::TensorBroadcastingOp<Eigen::array<long, unsigned long=2> const , Eigen::TensorMap<Eigen::Tensor<float const , int=2, int=1, int>, int=16, Eigen::MakePointer> const > const , Eigen::TensorBroadcastingOp<Eigen::array<long, unsigned long=2> const , Eigen::TensorMap<Eigen::Tensor<float const , int=2, int=1, int>, int=16, Eigen::MakePointer> const > const > const > const , Eigen::GpuDevice>, int>(float, int=2)",1800,dram_read_throughput,Device,Memory,Read,Throughput,12.613,22.748,17.923
    Kernel: sgemm_32x32x32_NN,1200,dram_read_throughput,Device,Memory,Read,Throughput,0.33408,148.04,110.75
"    Kernel: void Eigen::internal::EigenMetaKernel<Eigen::TensorEvaluator<Eigen::TensorAssignOp<Eigen::TensorMap<Eigen::Tensor<__int64, int=1, int=1, long>, int=16, Eigen::MakePointer>, Eigen::TensorConversionOp<__int64, Eigen::TensorTupleReducerOp<Eigen::internal::ArgMaxTupleReducer<Eigen::Tuple<long, float>>, Eigen::array<long, unsigned long=1> const , Eigen::TensorMap<Eigen::Tensor<float const , int=2, int=1, long>, int=16, Eigen::MakePointer> const > const > const > const , Eigen::GpuDevice>, long>(__int64, int=1)",600,dram_read_throughput,Device,Memory,Read,Throughput,0.69592,2.1749,1.4229
"    Kernel: void Eigen::internal::EigenMetaKernel<Eigen::TensorEvaluator<Eigen::TensorAssignOp<Eigen::TensorMap<Eigen::Tensor<float, int=1, int=1, int>, int=16, Eigen::MakePointer>, Eigen::TensorCwiseUnaryOp<Eigen::internal::scalar_log_op<float>, Eigen::TensorMap<Eigen::Tensor<float const , int=1, int=1, int>, int=16, Eigen::MakePointer> const > const > const , Eigen::GpuDevice>, int>(float, int=1)",600,dram_read_throughput,Device,Memory,Read,Throughput,73.976,154.3,132.48
"    Kernel: void Eigen::internal::EigenMetaKernel<Eigen::TensorEvaluator<Eigen::TensorAssignOp<Eigen::TensorMap<Eigen::Tensor<float, int=1, int=1, int>, int=16, Eigen::MakePointer>, Eigen::TensorCwiseUnaryOp<Eigen::internal::scalar_opposite_op<float>, Eigen::TensorMap<Eigen::Tensor<float const , int=1, int=1, int>, int=16, Eigen::MakePointer> const > const > const , Eigen::GpuDevice>, int>(float, int=1)",900,dram_read_throughput,Device,Memory,Read,Throughput,0.32815,145.49,94.264
"    Kernel: void Eigen::internal::EigenMetaKernel<Eigen::TensorEvaluator<Eigen::TensorAssignOp<Eigen::TensorMap<Eigen::Tensor<float, int=1, int=1, int>, int=16, Eigen::MakePointer>, Eigen::TensorCwiseUnaryOp<Eigen::internal::scalar_cos_op<float>, Eigen::TensorMap<Eigen::Tensor<float const , int=1, int=1, int>, int=16, Eigen::MakePointer> const > const > const , Eigen::GpuDevice>, int>(float, int=1)",900,dram_read_throughput,Device,Memory,Read,Throughput,0.51725,122.77,82.078
"    Kernel: void Eigen::internal::EigenMetaKernel<Eigen::TensorEvaluator<Eigen::TensorAssignOp<Eigen::TensorMap<Eigen::Tensor<float, int=1, int=1, int>, int=16, Eigen::MakePointer>, Eigen::TensorCwiseUnaryOp<Eigen::internal::scalar_tanh_op<float>, Eigen::TensorMap<Eigen::Tensor<float const , int=1, int=1, int>, int=16, Eigen::MakePointer> const > const > const , Eigen::GpuDevice>, int>(float, int=1)",2700,dram_read_throughput,Device,Memory,Read,Throughput,0.0,129.24,88.226
"    Kernel: void fft2d_r2c_32x32<float, bool=0, unsigned int=1, bool=1>(float2*, float const *, int, int, int, int, int, int, int, int, int, cudnn::reduced_divisor, bool, int2, int, int)",4,dram_read_throughput,Device,Memory,Read,Throughput,1.4421,2.2386,2.2134
