"    Kernel: void cudnn::winograd_nonfused::winogradForwardOutput4x4<float, float>(cudnn::winograd_nonfused::WinogradOutputParams<float, float>)",2,dram_read_transactions,Device,Memory,Read,Transactions,5870578,7667872,6769225
"    Kernel: void Eigen::internal::EigenMetaKernel<Eigen::TensorEvaluator<Eigen::TensorAssignOp<Eigen::TensorMap<Eigen::Tensor<float, int=5, int=1, int>, int=16, Eigen::MakePointer>, Eigen::TensorBroadcastingOp<Eigen::array<int, unsigned long=5> const , Eigen::TensorMap<Eigen::Tensor<float const , int=5, int=1, int>, int=16, Eigen::MakePointer> const > const > const , Eigen::GpuDevice>, int>(float, int=5)",300,dram_read_transactions,Device,Memory,Read,Transactions,11732,12746,12122
"    Kernel: void flip_filter<float, float>(float*, float const *, int, int, int, int)",3,dram_read_transactions,Device,Memory,Read,Transactions,471,18471,10423
"    Kernel: void Eigen::internal::EigenMetaKernel<Eigen::TensorEvaluator<Eigen::TensorAssignOp<Eigen::TensorMap<Eigen::Tensor<float, int=4, int=1, int>, int=16, Eigen::MakePointer>, Eigen::TensorCwiseBinaryOp<Eigen::internal::scalar_quotient_op<float, float>, Eigen::TensorBroadcastingOp<Eigen::array<long, unsigned long=4> const , Eigen::TensorMap<Eigen::Tensor<float const , int=4, int=1, int>, int=16, Eigen::MakePointer> const > const , Eigen::TensorBroadcastingOp<Eigen::array<long, unsigned long=4> const , Eigen::TensorMap<Eigen::Tensor<float const , int=4, int=1, int>, int=16, Eigen::MakePointer> const > const > const > const , Eigen::GpuDevice>, int>(float, int=4)",300,dram_read_transactions,Device,Memory,Read,Transactions,56810,57211,56817
    Kernel: maxwell_gcgemm_32x32_nt,4,dram_read_transactions,Device,Memory,Read,Transactions,133072,5715560,4317194
    Kernel: maxwell_sgemm_128x64_nn,4500,dram_read_transactions,Device,Memory,Read,Transactions,26224,200050,110657
    Kernel: maxwell_scudnn_winograd_128x128_ldg1_ldg4_tile148t_nt,1,dram_read_transactions,Device,Memory,Read,Transactions,114585,114585,114585
"    Kernel: void Eigen::internal::EigenMetaKernel<Eigen::TensorEvaluator<Eigen::TensorAssignOp<Eigen::TensorMap<Eigen::Tensor<float, int=2, int=1, int>, int=16, Eigen::MakePointer>, Eigen::TensorCwiseBinaryOp<Eigen::internal::scalar_sum_op<float, float>, Eigen::TensorBroadcastingOp<Eigen::array<long, unsigned long=2> const , Eigen::TensorMap<Eigen::Tensor<float const , int=2, int=1, int>, int=16, Eigen::MakePointer> const > const , Eigen::TensorMap<Eigen::Tensor<float const , int=2, int=1, int>, int=16, Eigen::MakePointer> const > const > const , Eigen::GpuDevice>, int>(float, int=2)",700,dram_read_transactions,Device,Memory,Read,Transactions,82,116052,71575
"    Kernel: void tensorflow::functor::ColumnReduceSimpleKernel<float*, float*, tensorflow::functor::Sum<float>>(float*, float*, int, int, int, float)",600,dram_read_transactions,Device,Memory,Read,Transactions,120,662800,331345
"    Kernel: void Eigen::internal::EigenMetaKernel<Eigen::TensorEvaluator<Eigen::TensorAssignOp<Eigen::TensorMap<Eigen::Tensor<float, int=2, int=1, int>, int=16, Eigen::MakePointer>, Eigen::TensorCwiseBinaryOp<Eigen::internal::scalar_product_op<float, float>, Eigen::TensorMap<Eigen::Tensor<float const , int=2, int=1, int>, int=16, Eigen::MakePointer> const , Eigen::TensorBroadcastingOp<Eigen::array<long, unsigned long=2> const , Eigen::TensorMap<Eigen::Tensor<float const , int=2, int=1, int>, int=16, Eigen::MakePointer> const > const > const > const , Eigen::GpuDevice>, int>(float, int=2)",1800,dram_read_transactions,Device,Memory,Read,Transactions,152,1832,625
"    Kernel: void Eigen::internal::EigenMetaKernel<Eigen::TensorEvaluator<Eigen::TensorAssignOp<Eigen::TensorMap<Eigen::Tensor<float, int=1, int=1, int>, int=16, Eigen::MakePointer>, Eigen::TensorCwiseUnaryOp<Eigen::internal::scalar_sin_op<float>, Eigen::TensorMap<Eigen::Tensor<float const , int=1, int=1, int>, int=16, Eigen::MakePointer> const > const > const , Eigen::GpuDevice>, int>(float, int=1)",900,dram_read_transactions,Device,Memory,Read,Transactions,0,19330,5790
"    Kernel: void Eigen::internal::EigenMetaKernel<Eigen::TensorEvaluator<Eigen::TensorAssignOp<Eigen::TensorMap<Eigen::Tensor<float, int=1, int=1, int>, int=16, Eigen::MakePointer>, Eigen::TensorCwiseBinaryOp<Eigen::internal::scalar_product_op<float, float>, Eigen::TensorMap<Eigen::Tensor<float const , int=1, int=1, int>, int=16, Eigen::MakePointer> const , Eigen::TensorMap<Eigen::Tensor<float const , int=1, int=1, long>, int=16, Eigen::MakePointer> const > const > const , Eigen::GpuDevice>, long>(float, int=1)",8100,dram_read_transactions,Device,Memory,Read,Transactions,0,102483,49038
"    Kernel: void Eigen::internal::EigenMetaKernel<Eigen::TensorEvaluator<Eigen::TensorAssignOp<Eigen::TensorMap<Eigen::Tensor<float, int=1, int=1, long>, int=16, Eigen::MakePointer>, Eigen::TensorSelectOp<Eigen::TensorCwiseBinaryOp<Eigen::internal::scalar_cmp_op<float const , float const , Eigen::internal::ComparisonName>, Eigen::TensorMap<Eigen::Tensor<float const , int=1, int=1, long>, int=16, Eigen::MakePointer> const , Eigen::TensorCwiseNullaryOp<Eigen::internal::scalar_constant_op<float const >, Eigen::TensorMap<Eigen::Tensor<float const , int=1, int=1, long>, int=16, Eigen::MakePointer> const > const > const , Eigen::TensorMap<Eigen::Tensor<float const , int=1, int=1, long>, int=16, Eigen::MakePointer> const , Eigen::TensorSelectOp<Eigen::TensorCwiseBinaryOp<Eigen::internal::scalar_cmp_op<float const , float const , Eigen::internal::ComparisonName>, Eigen::TensorMap<Eigen::Tensor<float const , int=1, int=1, long>, int=16, Eigen::MakePointer> const , Eigen::TensorCwiseNullaryOp<Eigen::internal::scalar_constant_op<float const >, Eigen::TensorMap<Eigen::Tensor<float const , int=1, int=1, long>, int=16, Eigen::MakePointer> const > const > const , Eigen::TensorCwiseUnaryOp<Eigen::internal::scalar_exp_op<float const >, Eigen::TensorMap<Eigen::Tensor<float const , int=1, int=1, long>, int=16, Eigen::MakePointer> const > const , Eigen::TensorCwiseUnaryOp<Eigen::internal::scalar_log_op<float>, Eigen::TensorCwiseBinaryOp<Eigen::internal::scalar_sum_op<float, float>, Eigen::TensorCwiseUnaryOp<Eigen::internal::scalar_exp_op<float const >, Eigen::TensorMap<Eigen::Tensor<float const , int=1, int=1, long>, int=16, Eigen::MakePointer> const > const , Eigen::TensorCwiseNullaryOp<Eigen::internal::scalar_constant_op<float const >, Eigen::TensorMap<Eigen::Tensor<float const , int=1, int=1, long>, int=16, Eigen::MakePointer> const > const > const > const > const > const > const , Eigen::GpuDevice>, long>(float, int=1)",300,dram_read_transactions,Device,Memory,Read,Transactions,51267,51395,51267
"    Kernel: void Eigen::internal::EigenMetaKernel<Eigen::TensorEvaluator<Eigen::TensorAssignOp<Eigen::TensorMap<Eigen::Tensor<float, int=1, int=1, int>, int=16, Eigen::MakePointer>, Eigen::TensorCwiseUnaryOp<Eigen::internal::scalar_left<float, float, Eigen::internal::scalar_sum_op<float, float>, bool=0>, Eigen::TensorMap<Eigen::Tensor<float const , int=1, int=1, int>, int=16, Eigen::MakePointer> const > const > const , Eigen::GpuDevice>, int>(float, int=1)",1400,dram_read_transactions,Device,Memory,Read,Transactions,1,2438,100
"    Kernel: void cudnn::detail::explicit_convolve_sgemm<float, int, int=128, int=6, int=7, int=3, int=3, int=5, int=0, bool=1>(int, int, int, float const *, int, float const , int, cudnn::detail::explicit_convolve_sgemm<float, int, int=128, int=6, int=7, int=3, int=3, int=5, int=0, bool=1>*, kernel_conv_params, int, int, float, float, int, float const *, float const *)",3,dram_read_transactions,Device,Memory,Read,Transactions,608597,4996881,2101746
"    Kernel: void Eigen::internal::EigenMetaKernel<Eigen::TensorEvaluator<Eigen::TensorAssignOp<Eigen::TensorMap<Eigen::Tensor<float, int=3, int=1, int>, int=16, Eigen::MakePointer>, Eigen::TensorCwiseBinaryOp<Eigen::internal::scalar_product_op<float, float>, Eigen::TensorBroadcastingOp<Eigen::array<long, unsigned long=3> const , Eigen::TensorMap<Eigen::Tensor<float const , int=3, int=1, int>, int=16, Eigen::MakePointer> const > const , Eigen::TensorBroadcastingOp<Eigen::array<long, unsigned long=3> const , Eigen::TensorMap<Eigen::Tensor<float const , int=3, int=1, int>, int=16, Eigen::MakePointer> const > const > const > const , Eigen::GpuDevice>, int>(float, int=3)",300,dram_read_transactions,Device,Memory,Read,Transactions,750430,754286,752665
    Kernel: maxwell_sgemm_128x128_nn,2,dram_read_transactions,Device,Memory,Read,Transactions,181228,5959368,3070298
"    Kernel: void Eigen::internal::EigenMetaKernel<Eigen::TensorEvaluator<Eigen::TensorAssignOp<Eigen::TensorMap<Eigen::Tensor<float, int=3, int=1, int>, int=16, Eigen::MakePointer>, Eigen::TensorSlicingOp<Eigen::DSizes<int, int=3> const , Eigen::DSizes<int, int=3> const , Eigen::TensorMap<Eigen::Tensor<float const , int=3, int=1, int>, int=16, Eigen::MakePointer> const > const > const , Eigen::GpuDevice>, int>(float, int=3)",300,dram_read_transactions,Device,Memory,Read,Transactions,16859,21399,18663
"    Kernel: void Eigen::internal::EigenMetaKernel<Eigen::TensorEvaluator<Eigen::TensorAssignOp<Eigen::TensorMap<Eigen::Tensor<float, int=1, int=1, long>, int=16, Eigen::MakePointer>, Eigen::TensorCwiseBinaryOp<Eigen::internal::scalar_sum_op<float const , float const >, Eigen::TensorMap<Eigen::Tensor<float const , int=1, int=1, long>, int=16, Eigen::MakePointer> const , Eigen::TensorMap<Eigen::Tensor<float const , int=1, int=1, long>, int=16, Eigen::MakePointer> const > const > const , Eigen::GpuDevice>, long>(float, int=1)",600,dram_read_transactions,Device,Memory,Read,Transactions,3245,102437,52825
"    Kernel: void fft2d_c2r_32x32<float, bool=0, bool=0, unsigned int=0, bool=0, bool=0>(float*, float2 const *, int, int, int, int, int, int, int, int, int, float, float, cudnn::reduced_divisor, bool, float*, float*, int2, int, int)",4,dram_read_transactions,Device,Memory,Read,Transactions,3481401,3481805,3481623
"    Kernel: void tensorflow::functor::SwapDimension1And2InTensor3UsingTiles<unsigned int, int=1024, int=1024, int=2, bool=0>(unsigned int const *, tensorflow::functor::Dimension<int=3>, tensorflow::functor::SwapDimension1And2InTensor3UsingTiles<unsigned int, int=1024, int=1024, int=2, bool=0>*)",300,dram_read_transactions,Device,Memory,Read,Transactions,69504,77015,75799
    Kernel: cudnn::maxwell::gemm::computeOffsetsKernel(cudnn::maxwell::gemm::ComputeOffsetsParams),305,dram_read_transactions,Device,Memory,Read,Transactions,48,96,56
"    Kernel: void tensorflow::functor::BlockReduceKernel<float*, tensorflow::TransformOutputIterator<float, float, tensorflow::functor::DividesBy<float, float>, long>, int=256, tensorflow::functor::Sum<float>>(float*, float, int, float, std::iterator_traits<tensorflow::functor::BlockReduceKernel<float*, tensorflow::TransformOutputIterator<float, float, tensorflow::functor::DividesBy<float, float>, long>, int=256, tensorflow::functor::Sum<float>>>::value_type)",600,dram_read_transactions,Device,Memory,Read,Transactions,72,121,100
"    Kernel: void gemv2N_kernel_val<float, float, float, int=128, int=8, int=4, int=4, int=1, cublasGemvParams<cublasGemvTensorBatched<float const >, cublasGemvTensorBatched<float>, float>>(float, float, float const )",1200,dram_read_transactions,Device,Memory,Read,Transactions,6765850,54631607,23655593
"    Kernel: void Eigen::internal::EigenMetaKernel<Eigen::TensorEvaluator<Eigen::TensorAssignOp<Eigen::TensorMap<Eigen::Tensor<float, int=2, int=1, int>, int=16, Eigen::MakePointer>, Eigen::TensorCwiseBinaryOp<Eigen::internal::scalar_sum_op<float, float>, Eigen::TensorMap<Eigen::Tensor<float const , int=2, int=1, int>, int=16, Eigen::MakePointer> const , Eigen::TensorBroadcastingOp<Eigen::array<long, unsigned long=2> const , Eigen::TensorMap<Eigen::Tensor<float const , int=2, int=1, int>, int=16, Eigen::MakePointer> const > const > const > const , Eigen::GpuDevice>, int>(float, int=2)",14000,dram_read_transactions,Device,Memory,Read,Transactions,1,309092,51660
"    Kernel: void Eigen::internal::EigenMetaKernel<Eigen::TensorEvaluator<Eigen::TensorAssignOp<Eigen::TensorMap<Eigen::Tensor<float, int=1, int=1, long>, int=16, Eigen::MakePointer>, Eigen::TensorCwiseBinaryOp<Eigen::internal::scalar_max_op<float const , float const >, Eigen::TensorMap<Eigen::Tensor<float const , int=1, int=1, long>, int=16, Eigen::MakePointer> const , Eigen::TensorCwiseNullaryOp<Eigen::internal::scalar_constant_op<float const >, Eigen::TensorMap<Eigen::Tensor<float const , int=1, int=1, long>, int=16, Eigen::MakePointer> const > const > const > const , Eigen::GpuDevice>, long>(float, int=1)",3000,dram_read_transactions,Device,Memory,Read,Transactions,32,2881045,669621
"    Kernel: void tensorflow::_GLOBAL__N__64_tmpxft_00066e33_00000000_12_softmax_op_gpu_cu_compute_75_cpp1_ii_d41ce5d8::GenerateNormalizedProb<float, float>(float const *, float const *, float const , tensorflow::_GLOBAL__N__64_tmpxft_00066e33_00000000_12_softmax_op_gpu_cu_compute_75_cpp1_ii_d41ce5d8::GenerateNormalizedProb<float, float>*, int, int, bool)",3000,dram_read_transactions,Device,Memory,Read,Transactions,0,184,51
"    Kernel: void Eigen::internal::EigenMetaKernel<Eigen::TensorEvaluator<Eigen::TensorAssignOp<Eigen::TensorMap<Eigen::Tensor<float, int=1, int=1, int>, int=16, Eigen::MakePointer>, Eigen::TensorCwiseUnaryOp<Eigen::internal::scalar_logistic_op<float>, Eigen::TensorMap<Eigen::Tensor<float const , int=1, int=1, int>, int=16, Eigen::MakePointer> const > const > const , Eigen::GpuDevice>, int>(float, int=1)",2700,dram_read_transactions,Device,Memory,Read,Transactions,0,51230,17630
    Kernel: redzone_checker,98,dram_read_transactions,Device,Memory,Read,Transactions,262151,262247,262158
"    Kernel: void Eigen::internal::EigenMetaKernel<Eigen::TensorEvaluator<Eigen::TensorAssignOp<Eigen::TensorMap<Eigen::Tensor<float, int=1, int=1, int>, int=16, Eigen::MakePointer>, Eigen::TensorCwiseUnaryOp<Eigen::internal::scalar_right<float, float, Eigen::internal::scalar_product_op<float, float>, bool=0>, Eigen::TensorMap<Eigen::Tensor<float const , int=1, int=1, int>, int=16, Eigen::MakePointer> const > const > const , Eigen::GpuDevice>, int>(float, int=1)",1800,dram_read_transactions,Device,Memory,Read,Transactions,0,307438,51292
"    Kernel: void cudnn::detail::implicit_convolve_sgemm<float, float, int=128, int=6, int=7, int=3, int=3, int=5, int=1, bool=1, bool=0, bool=1>(int, int, int, float const *, int, float*, cudnn::detail::implicit_convolve_sgemm<float, float, int=128, int=6, int=7, int=3, int=3, int=5, int=1, bool=1, bool=0, bool=1>*, kernel_conv_params, int, float, float, int, float, float, int, int)",904,dram_read_transactions,Device,Memory,Read,Transactions,78091,3319306,2133703
"    Kernel: void cudnn::detail::explicit_convolve_sgemm<float, int, int=128, int=6, int=7, int=3, int=3, int=5, int=0, bool=0>(int, int, int, float const *, int, float const , int, cudnn::detail::explicit_convolve_sgemm<float, int, int=128, int=6, int=7, int=3, int=3, int=5, int=0, bool=0>*, kernel_conv_params, int, int, float, float, int, float const *, float const *)",1,dram_read_transactions,Device,Memory,Read,Transactions,23304925,23304925,23304925
"    Kernel: void tensorflow::_GLOBAL__N__63_tmpxft_0004b446_00000000_12_split_lib_gpu_cu_compute_75_cpp1_ii_cafee591::SplitOpKernel<float>(float const *, int, int, int, tensorflow::GpuDeviceArrayStruct<tensorflow::_GLOBAL__N__63_tmpxft_0004b446_00000000_12_split_lib_gpu_cu_compute_75_cpp1_ii_cafee591::SplitOpKernel<float>*, int=8>)",900,dram_read_transactions,Device,Memory,Read,Transactions,4176,374470,127194
"    Kernel: void Eigen::internal::EigenMetaKernel<Eigen::TensorEvaluator<Eigen::TensorAssignOp<Eigen::TensorMap<Eigen::Tensor<float, int=1, int=1, int>, int=16, Eigen::MakePointer>, Eigen::TensorCwiseBinaryOp<Eigen::internal::scalar_squared_difference_op<float>, Eigen::TensorMap<Eigen::Tensor<float const , int=1, int=1, int>, int=16, Eigen::MakePointer> const , Eigen::TensorMap<Eigen::Tensor<float const , int=1, int=1, long>, int=16, Eigen::MakePointer> const > const > const , Eigen::GpuDevice>, long>(float, int=1)",300,dram_read_transactions,Device,Memory,Read,Transactions,614445,614621,614447
"    Kernel: void cudnn::detail::explicit_convolve_sgemm<float, int, int=128, int=5, int=5, int=3, int=3, int=3, int=0, bool=1>(int, int, int, float const *, int, float const , int, cudnn::detail::explicit_convolve_sgemm<float, int, int=128, int=5, int=5, int=3, int=3, int=3, int=0, bool=1>*, kernel_conv_params, int, int, float, float, int, float const *, float const *)",1,dram_read_transactions,Device,Memory,Read,Transactions,3410091,3410091,3410091
    Kernel: maxwell_sgemm_128x64_tn,2400,dram_read_transactions,Device,Memory,Read,Transactions,32716,154150,74135
"    Kernel: void Eigen::internal::EigenMetaKernel<Eigen::TensorEvaluator<Eigen::TensorAssignOp<Eigen::TensorMap<Eigen::Tensor<float, int=3, int=1, int>, int=16, Eigen::MakePointer>, Eigen::TensorBroadcastingOp<Eigen::array<int, unsigned long=3> const , Eigen::TensorMap<Eigen::Tensor<float const , int=3, int=1, int>, int=16, Eigen::MakePointer> const > const > const , Eigen::GpuDevice>, int>(float, int=3)",300,dram_read_transactions,Device,Memory,Read,Transactions,8264,8372,8268
"    Kernel: void fft2d_r2c_32x32<float, bool=0, unsigned int=0, bool=0>(float2*, float const *, int, int, int, int, int, int, int, int, int, cudnn::reduced_divisor, bool, int2, int, int)",5,dram_read_transactions,Device,Memory,Read,Transactions,77214,2885154,1686227
"    Kernel: void cudnn::detail::implicit_convolve_sgemm<float, float, int=1024, int=5, int=5, int=3, int=3, int=3, int=1, bool=1, bool=0, bool=1>(int, int, int, float const *, int, float*, cudnn::detail::implicit_convolve_sgemm<float, float, int=1024, int=5, int=5, int=3, int=3, int=3, int=1, bool=1, bool=0, bool=1>*, kernel_conv_params, int, float, float, int, float, float, int, int)",301,dram_read_transactions,Device,Memory,Read,Transactions,1943083,2198509,2096847
"    Kernel: void fft1d_r2c_32<float, float, float2, bool=0, bool=0>(float2*, float const *, int, int3, int3, int2, int2)",1,dram_read_transactions,Device,Memory,Read,Transactions,116332,116332,116332
"    Kernel: void fft1d_r2c_32<float, float, float2, bool=1, bool=0>(float2*, float const *, int, int3, int3, int2, int2)",1,dram_read_transactions,Device,Memory,Read,Transactions,14012,14012,14012
"    Kernel: void tensorflow::functor::RowReduceKernel<float*, float*, cub::Max>(float*, float*, int, int, cub::Max, std::iterator_traits<tensorflow::functor::RowReduceKernel<float*, float*, cub::Max>>::value_type)",300,dram_read_transactions,Device,Memory,Read,Transactions,2628,3980,3220
"    Kernel: void Eigen::internal::EigenMetaKernel<Eigen::TensorEvaluator<Eigen::TensorAssignOp<Eigen::TensorMap<Eigen::Tensor<float, int=2, int=1, int>, int=16, Eigen::MakePointer>, Eigen::TensorCwiseBinaryOp<Eigen::internal::scalar_quotient_op<float, float>, Eigen::TensorBroadcastingOp<Eigen::array<long, unsigned long=2> const , Eigen::TensorMap<Eigen::Tensor<float const , int=2, int=1, int>, int=16, Eigen::MakePointer> const > const , Eigen::TensorBroadcastingOp<Eigen::array<long, unsigned long=2> const , Eigen::TensorMap<Eigen::Tensor<float const , int=2, int=1, int>, int=16, Eigen::MakePointer> const > const > const > const , Eigen::GpuDevice>, int>(float, int=2)",300,dram_read_transactions,Device,Memory,Read,Transactions,365859,366183,365937
"    Kernel: void tensorflow::functor::RowReduceKernel<float*, float*, tensorflow::functor::Sum<float>>(float*, float*, int, int, float, std::iterator_traits<tensorflow::functor::RowReduceKernel<float*, float*, tensorflow::functor::Sum<float>>>::value_type)",300,dram_read_transactions,Device,Memory,Read,Transactions,307263,307871,307269
"    Kernel: void im2col4d_kernel<float, int>(im2col4d_params, cudnnConvolutionStruct, cudnnTensor4dStruct, float const *, float*, int)",5,dram_read_transactions,Device,Memory,Read,Transactions,76970,3260249,1394164
"    Kernel: void Eigen::internal::EigenMetaKernel<Eigen::TensorEvaluator<Eigen::TensorAssignOp<Eigen::TensorMap<Eigen::Tensor<float, int=2, int=1, int>, int=16, Eigen::MakePointer>, Eigen::TensorCwiseBinaryOp<Eigen::internal::scalar_difference_op<float, float>, Eigen::TensorBroadcastingOp<Eigen::array<long, unsigned long=2> const , Eigen::TensorMap<Eigen::Tensor<float const , int=2, int=1, int>, int=16, Eigen::MakePointer> const > const , Eigen::TensorMap<Eigen::Tensor<float const , int=2, int=1, int>, int=16, Eigen::MakePointer> const > const > const , Eigen::GpuDevice>, int>(float, int=2)",1800,dram_read_transactions,Device,Memory,Read,Transactions,50968,51352,51206
"    Kernel: void tensorflow::functor::RowReduceKernel<float*, tensorflow::TransformOutputIterator<float, float, tensorflow::functor::DividesBy<float, float>, long>, tensorflow::functor::Sum<float>>(float*, float, int, int, float, std::iterator_traits<tensorflow::functor::RowReduceKernel<float*, tensorflow::TransformOutputIterator<float, float, tensorflow::functor::DividesBy<float, float>, long>, tensorflow::functor::Sum<float>>>::value_type)",3600,dram_read_transactions,Device,Memory,Read,Transactions,7,188,50
"    Kernel: void Eigen::internal::EigenMetaKernel<Eigen::TensorEvaluator<Eigen::TensorAssignOp<Eigen::TensorMap<Eigen::Tensor<float, int=1, int=1, int>, int=16, Eigen::MakePointer>, Eigen::TensorCwiseUnaryOp<Eigen::internal::scalar_rsqrt_op<float>, Eigen::TensorMap<Eigen::Tensor<float const , int=1, int=1, int>, int=16, Eigen::MakePointer> const > const > const , Eigen::GpuDevice>, int>(float, int=1)",1800,dram_read_transactions,Device,Memory,Read,Transactions,24,96,28
    Kernel: sgemm_32x32x32_NN_vec,10800,dram_read_transactions,Device,Memory,Read,Transactions,314,207126,43220
"    Kernel: void cudnn::winograd_nonfused::winogradForwardData4x4<float, float>(cudnn::winograd_nonfused::WinogradDataParams<float, float>)",2,dram_read_transactions,Device,Memory,Read,Transactions,77156,2902506,1489831
"    Kernel: void Eigen::internal::EigenMetaKernel<Eigen::TensorEvaluator<Eigen::TensorAssignOp<Eigen::TensorSlicingOp<Eigen::array<int, unsigned long=2> const , Eigen::array<int, unsigned long=2> const , Eigen::TensorMap<Eigen::Tensor<float, int=2, int=1, int>, int=16, Eigen::MakePointer>>, Eigen::TensorMap<Eigen::Tensor<float const , int=2, int=1, int>, int=16, Eigen::MakePointer> const > const , Eigen::GpuDevice>, int>(int, unsigned long=2)",12000,dram_read_transactions,Device,Memory,Read,Transactions,0,470552,41948
"    Kernel: void fft2d_c2r_32x32<float, bool=1, bool=0, unsigned int=0, bool=0, bool=0>(float*, float2 const *, int, int, int, int, int, int, int, int, int, float, float, cudnn::reduced_divisor, bool, float*, float*, int2, int, int)",2,dram_read_transactions,Device,Memory,Read,Transactions,3481621,3481757,3481689
"    Kernel: compute_gemm_pointers(float2**, float2 const *, int, float2 const *, int, float2 const *, int, int)",3,dram_read_transactions,Device,Memory,Read,Transactions,31,39,36
    Kernel: maxwell_cgemm_32x32_tn,3,dram_read_transactions,Device,Memory,Read,Transactions,133028,5712056,3439273
"    Kernel: void Eigen::internal::EigenMetaKernel<Eigen::TensorEvaluator<Eigen::TensorAssignOp<Eigen::TensorMap<Eigen::Tensor<float, int=2, int=1, int>, int=16, Eigen::MakePointer>, Eigen::TensorSlicingOp<Eigen::DSizes<long, int=2> const , Eigen::DSizes<long, int=2> const , Eigen::TensorMap<Eigen::Tensor<float const , int=2, int=1, int>, int=16, Eigen::MakePointer> const > const > const , Eigen::GpuDevice>, int>(float, int=2)",3000,dram_read_transactions,Device,Memory,Read,Transactions,0,662580,116948
"    Kernel: void Eigen::internal::EigenMetaKernel<Eigen::TensorEvaluator<Eigen::TensorAssignOp<Eigen::TensorMap<Eigen::Tensor<float, int=1, int=1, int>, int=16, Eigen::MakePointer>, Eigen::TensorCwiseUnaryOp<Eigen::internal::scalar_right<float, float, Eigen::internal::scalar_difference_op<float, float>, bool=0>, Eigen::TensorMap<Eigen::Tensor<float const , int=1, int=1, int>, int=16, Eigen::MakePointer> const > const > const , Eigen::GpuDevice>, int>(float, int=1)",300,dram_read_transactions,Device,Memory,Read,Transactions,838,838,838
"    Kernel: void tensorflow::functor::ShuffleInTensor3Simple<float, int=2, int=1, int=0, bool=0>(int, float const *, tensorflow::functor::Dimension<int=3>, tensorflow::functor::ShuffleInTensor3Simple<float, int=2, int=1, int=0, bool=0>*)",1500,dram_read_transactions,Device,Memory,Read,Transactions,496,18559,13665
    Kernel: maxwell_scudnn_winograd_128x128_ldg1_ldg4_tile228n_nt,1,dram_read_transactions,Device,Memory,Read,Transactions,6915509,6915509,6915509
"    Kernel: void fft1d_c2r_32<float2, float, float, bool=0, bool=1, bool=0, bool=0>(float*, float2 const *, int, int3, int3, int2, int, float, float, float*, float*)",1,dram_read_transactions,Device,Memory,Read,Transactions,3917126,3917126,3917126
"    Kernel: void Eigen::internal::EigenMetaKernel<Eigen::TensorEvaluator<Eigen::TensorAssignOp<Eigen::TensorMap<Eigen::Tensor<float, int=1, int=1, long>, int=16, Eigen::MakePointer>, Eigen::TensorConversionOp<float, Eigen::TensorMap<Eigen::Tensor<bool const , int=1, int=1, long>, int=16, Eigen::MakePointer> const > const > const , Eigen::GpuDevice>, long>(float, int=1)",600,dram_read_transactions,Device,Memory,Read,Transactions,24,57,31
"    Kernel: void Eigen::internal::EigenMetaKernel<Eigen::TensorEvaluator<Eigen::TensorAssignOp<Eigen::TensorMap<Eigen::Tensor<float, int=1, int=1, long>, int=16, Eigen::MakePointer>, Eigen::TensorCwiseBinaryOp<Eigen::internal::scalar_min_op<float, float>, Eigen::TensorCwiseBinaryOp<Eigen::internal::scalar_max_op<float const , float const >, Eigen::TensorMap<Eigen::Tensor<float const , int=1, int=1, long>, int=16, Eigen::MakePointer> const , Eigen::TensorCwiseNullaryOp<Eigen::internal::scalar_constant_op<float const >, Eigen::TensorMap<Eigen::Tensor<float const , int=1, int=1, long>, int=16, Eigen::MakePointer> const > const > const , Eigen::TensorCwiseNullaryOp<Eigen::internal::scalar_constant_op<float>, Eigen::TensorCwiseBinaryOp<Eigen::internal::scalar_max_op<float const , float const >, Eigen::TensorMap<Eigen::Tensor<float const , int=1, int=1, long>, int=16, Eigen::MakePointer> const , Eigen::TensorCwiseNullaryOp<Eigen::internal::scalar_constant_op<float const >, Eigen::TensorMap<Eigen::Tensor<float const , int=1, int=1, long>, int=16, Eigen::MakePointer> const > const > const > const > const > const , Eigen::GpuDevice>, long>(float, int=1)",600,dram_read_transactions,Device,Memory,Read,Transactions,15,2415,1214
"    Kernel: void fft2d_r2c_16x16<float>(float2*, float const *, int, int, int, int, int, int, int, int)",2,dram_read_transactions,Device,Memory,Read,Transactions,12119,115207,63663
"    Kernel: void tensorflow::functor::RowReduceKernel<cub::TransformInputIterator<float, tensorflow::_GLOBAL__N__64_tmpxft_00066e33_00000000_12_softmax_op_gpu_cu_compute_75_cpp1_ii_d41ce5d8::SubtractAndExpFunctor<float, float>, cub::CountingInputIterator<int, long>, long>, float*, cub::Sum>(float, float, int, int, float, std::iterator_traits<tensorflow::functor::RowReduceKernel<cub::TransformInputIterator<float, tensorflow::_GLOBAL__N__64_tmpxft_00066e33_00000000_12_softmax_op_gpu_cu_compute_75_cpp1_ii_d41ce5d8::SubtractAndExpFunctor<float, float>, cub::CountingInputIterator<int, long>, long>, float*, cub::Sum>>::value_type)",3000,dram_read_transactions,Device,Memory,Read,Transactions,0,2739,340
"    Kernel: void Eigen::internal::EigenMetaKernel<Eigen::TensorEvaluator<Eigen::TensorAssignOp<Eigen::TensorMap<Eigen::Tensor<float, int=1, int=1, int>, int=16, Eigen::MakePointer>, Eigen::TensorCwiseUnaryOp<Eigen::internal::scalar_left<float, float, Eigen::internal::scalar_difference_op<float, float>, bool=0>, Eigen::TensorMap<Eigen::Tensor<float const , int=1, int=1, int>, int=16, Eigen::MakePointer> const > const > const , Eigen::GpuDevice>, int>(float, int=1)",600,dram_read_transactions,Device,Memory,Read,Transactions,0,846,25
"    Kernel: void Eigen::internal::EigenMetaKernel<Eigen::TensorEvaluator<Eigen::TensorAssignOp<Eigen::TensorMap<Eigen::Tensor<float, int=1, int=1, int>, int=16, Eigen::MakePointer>, Eigen::TensorSelectOp<Eigen::TensorMap<Eigen::Tensor<bool const , int=1, int=1, int>, int=16, Eigen::MakePointer> const , Eigen::TensorMap<Eigen::Tensor<float const , int=1, int=1, int>, int=16, Eigen::MakePointer> const , Eigen::TensorMap<Eigen::Tensor<float const , int=1, int=1, int>, int=16, Eigen::MakePointer> const > const > const , Eigen::GpuDevice>, int>(float, int=1)",600,dram_read_transactions,Device,Memory,Read,Transactions,64000,64048,64016
"    Kernel: void Eigen::internal::EigenMetaKernel<Eigen::TensorEvaluator<Eigen::TensorAssignOp<Eigen::TensorMap<Eigen::Tensor<float, int=1, int=1, int>, int=16, Eigen::MakePointer>, Eigen::TensorCwiseUnaryOp<Eigen::internal::scalar_right<float, float, Eigen::internal::scalar_sum_op<float, float>, bool=0>, Eigen::TensorMap<Eigen::Tensor<float const , int=1, int=1, int>, int=16, Eigen::MakePointer> const > const > const , Eigen::GpuDevice>, int>(float, int=1)",4000,dram_read_transactions,Device,Memory,Read,Transactions,0,51369,19582
"    Kernel: void fft2d_r2c_32x32<float, bool=0, unsigned int=1, bool=0>(float2*, float const *, int, int, int, int, int, int, int, int, int, cudnn::reduced_divisor, bool, int2, int, int)",3,dram_read_transactions,Device,Memory,Read,Transactions,494,541570,186644
"    Kernel: void Eigen::internal::EigenMetaKernel<Eigen::TensorEvaluator<Eigen::TensorAssignOp<Eigen::TensorMap<Eigen::Tensor<float, int=4, int=1, int>, int=16, Eigen::MakePointer>, Eigen::TensorCwiseBinaryOp<Eigen::internal::scalar_product_op<float, float>, Eigen::TensorBroadcastingOp<Eigen::array<long, unsigned long=4> const , Eigen::TensorMap<Eigen::Tensor<float const , int=4, int=1, int>, int=16, Eigen::MakePointer> const > const , Eigen::TensorBroadcastingOp<Eigen::array<long, unsigned long=4> const , Eigen::TensorMap<Eigen::Tensor<float const , int=4, int=1, int>, int=16, Eigen::MakePointer> const > const > const > const , Eigen::GpuDevice>, int>(float, int=4)",300,dram_read_transactions,Device,Memory,Read,Transactions,4659,5252,4765
"    Kernel: void Eigen::internal::EigenMetaKernel<Eigen::TensorEvaluator<Eigen::TensorAssignOp<Eigen::TensorMap<Eigen::Tensor<float, int=2, int=1, int>, int=16, Eigen::MakePointer>, Eigen::TensorCwiseBinaryOp<Eigen::internal::scalar_product_op<float, float>, Eigen::TensorBroadcastingOp<Eigen::array<long, unsigned long=2> const , Eigen::TensorMap<Eigen::Tensor<float const , int=2, int=1, int>, int=16, Eigen::MakePointer> const > const , Eigen::TensorMap<Eigen::Tensor<float const , int=2, int=1, int>, int=16, Eigen::MakePointer> const > const > const , Eigen::GpuDevice>, int>(float, int=2)",1200,dram_read_transactions,Device,Memory,Read,Transactions,916,52968,13922
"    Kernel: void Eigen::internal::EigenMetaKernel<Eigen::TensorEvaluator<Eigen::TensorAssignOp<Eigen::TensorMap<Eigen::Tensor<float, int=4, int=1, int>, int=16, Eigen::MakePointer>, Eigen::TensorBroadcastingOp<Eigen::array<int, unsigned long=4> const , Eigen::TensorMap<Eigen::Tensor<float const , int=4, int=1, int>, int=16, Eigen::MakePointer> const > const > const , Eigen::GpuDevice>, int>(float, int=4)",1200,dram_read_transactions,Device,Memory,Read,Transactions,1292952,46930924,16853348
"    Kernel: void cudnn::winograd_nonfused::winogradForwardFilter4x4<float, float>(cudnn::winograd_nonfused::WinogradFilterParams<float, float>)",2,dram_read_transactions,Device,Memory,Read,Transactions,607,18615,9611
"    Kernel: void Eigen::internal::EigenMetaKernel<Eigen::TensorEvaluator<Eigen::TensorAssignOp<Eigen::TensorMap<Eigen::Tensor<float, int=2, int=1, int>, int=16, Eigen::MakePointer>, Eigen::TensorCwiseBinaryOp<Eigen::internal::scalar_product_op<float, float>, Eigen::TensorBroadcastingOp<Eigen::array<long, unsigned long=2> const , Eigen::TensorMap<Eigen::Tensor<float const , int=2, int=1, int>, int=16, Eigen::MakePointer> const > const , Eigen::TensorBroadcastingOp<Eigen::array<long, unsigned long=2> const , Eigen::TensorMap<Eigen::Tensor<float const , int=2, int=1, int>, int=16, Eigen::MakePointer> const > const > const > const , Eigen::GpuDevice>, int>(float, int=2)",1800,dram_read_transactions,Device,Memory,Read,Transactions,104,224,148
"    Kernel: void Eigen::internal::EigenMetaKernel<Eigen::TensorEvaluator<Eigen::TensorAssignOp<Eigen::TensorMap<Eigen::Tensor<float, int=5, int=1, int>, int=16, Eigen::MakePointer>, Eigen::TensorSlicingOp<Eigen::DSizes<int, int=5> const , Eigen::DSizes<int, int=5> const , Eigen::TensorMap<Eigen::Tensor<float const , int=5, int=1, int>, int=16, Eigen::MakePointer> const > const > const , Eigen::GpuDevice>, int>(float, int=5)",300,dram_read_transactions,Device,Memory,Read,Transactions,461645,463106,462139
"    Kernel: void Eigen::internal::EigenMetaKernel<Eigen::TensorEvaluator<Eigen::TensorAssignOp<Eigen::TensorMap<Eigen::Tensor<float, int=1, int=1, int>, int=16, Eigen::MakePointer>, Eigen::TensorCwiseBinaryOp<Eigen::internal::scalar_sum_op<float, float>, Eigen::TensorMap<Eigen::Tensor<float const , int=1, int=1, int>, int=16, Eigen::MakePointer> const , Eigen::TensorMap<Eigen::Tensor<float const , int=1, int=1, long>, int=16, Eigen::MakePointer> const > const > const , Eigen::GpuDevice>, long>(float, int=1)",6000,dram_read_transactions,Device,Memory,Read,Transactions,0,102536,45041
"    Kernel: void Eigen::internal::EigenMetaKernel<Eigen::TensorEvaluator<Eigen::TensorAssignOp<Eigen::TensorMap<Eigen::Tensor<bool, int=1, int=1, int>, int=16, Eigen::MakePointer>, Eigen::TensorCwiseBinaryOp<Eigen::internal::equal_to<__int64>, Eigen::TensorMap<Eigen::Tensor<__int64 const , int=1, int=1, int>, int=16, Eigen::MakePointer> const , Eigen::TensorMap<Eigen::Tensor<__int64 const , int=1, int=1, long>, int=16, Eigen::MakePointer> const > const > const , Eigen::GpuDevice>, long>(bool, int=1)",600,dram_read_transactions,Device,Memory,Read,Transactions,74,145,100
"    Kernel: void tensorflow::BiasNCHWKernel<float>(int, float const *, float const , tensorflow::BiasNCHWKernel<float>*, int, int)",1500,dram_read_transactions,Device,Memory,Read,Transactions,97047,2880543,1344687
"    Kernel: void cudnn::winograd::generateWinogradTilesKernel<int=0, float, float>(cudnn::winograd::GenerateWinogradTilesParams<float, float>)",2,dram_read_transactions,Device,Memory,Read,Transactions,679,18679,9679
    Kernel: maxwell_gcgemm_64x64_nt,1,dram_read_transactions,Device,Memory,Read,Transactions,1527416,1527416,1527416
    Kernel: maxwell_scudnn_128x128_relu_interior_nn,305,dram_read_transactions,Device,Memory,Read,Transactions,77940,3098226,100348
"    Kernel: void Eigen::internal::EigenMetaKernel<Eigen::TensorEvaluator<Eigen::TensorAssignOp<Eigen::TensorMap<Eigen::Tensor<float, int=3, int=1, int>, int=16, Eigen::MakePointer>, Eigen::TensorCwiseBinaryOp<Eigen::internal::scalar_difference_op<float, float>, Eigen::TensorBroadcastingOp<Eigen::array<long, unsigned long=3> const , Eigen::TensorMap<Eigen::Tensor<float const , int=3, int=1, int>, int=16, Eigen::MakePointer> const > const , Eigen::TensorBroadcastingOp<Eigen::array<long, unsigned long=3> const , Eigen::TensorMap<Eigen::Tensor<float const , int=3, int=1, int>, int=16, Eigen::MakePointer> const > const > const > const , Eigen::GpuDevice>, int>(float, int=3)",2400,dram_read_transactions,Device,Memory,Read,Transactions,1852,52396,22075
"    Kernel: void Eigen::internal::EigenMetaKernel<Eigen::TensorEvaluator<Eigen::TensorAssignOp<Eigen::TensorMap<Eigen::Tensor<bool, int=1, int=1, int>, int=16, Eigen::MakePointer>, Eigen::TensorCwiseUnaryOp<Eigen::internal::scalar_right<bool, float, Eigen::internal::less<float>, bool=0>, Eigen::TensorMap<Eigen::Tensor<float const , int=1, int=1, int>, int=16, Eigen::MakePointer> const > const > const , Eigen::GpuDevice>, int>(bool, int=1)",300,dram_read_transactions,Device,Memory,Read,Transactions,51225,51297,51225
"    Kernel: void Eigen::internal::EigenMetaKernel<Eigen::TensorEvaluator<Eigen::TensorAssignOp<Eigen::TensorMap<Eigen::Tensor<float, int=1, int=1, int>, int=16, Eigen::MakePointer>, Eigen::TensorCwiseUnaryOp<Eigen::internal::scalar_left<float, float, Eigen::internal::scalar_product_op<float, float>, bool=0>, Eigen::TensorMap<Eigen::Tensor<float const , int=1, int=1, int>, int=16, Eigen::MakePointer> const > const > const , Eigen::GpuDevice>, int>(float, int=1)",6600,dram_read_transactions,Device,Memory,Read,Transactions,0,51262,16402
"    Kernel: void tensorflow::functor::RowReduceKernel<float const *, float*, cub::Max>(float const *, float*, int, int, cub::Max, std::iterator_traits<tensorflow::functor::RowReduceKernel<float const *, float*, cub::Max>>::value_type)",3000,dram_read_transactions,Device,Memory,Read,Transactions,0,48636,9161
"    Kernel: void tensorflow::functor::SwapDimension1And2InTensor3UsingTiles<unsigned int, int=256, int=32, int=32, bool=0>(unsigned int const *, tensorflow::functor::Dimension<int=3>, tensorflow::functor::SwapDimension1And2InTensor3UsingTiles<unsigned int, int=256, int=32, int=32, bool=0>*)",2400,dram_read_transactions,Device,Memory,Read,Transactions,0,691919,118090
"    Kernel: void tensorflow::functor::FillPhiloxRandomKernelLaunch<tensorflow::random::UniformDistribution<tensorflow::random::PhiloxRandom, float>>(tensorflow::random::PhiloxRandom, tensorflow::random::PhiloxRandomResultElementType*, __int64, tensorflow::functor::FillPhiloxRandomKernelLaunch<tensorflow::random::UniformDistribution<tensorflow::random::PhiloxRandom, float>>)",900,dram_read_transactions,Device,Memory,Read,Transactions,0,236,83
"    Kernel: void fft2d_c2r_16x16<float, bool=0>(float*, float2*, int, int, int, int, int, int, int, int, int, int, float, float, int, float*, float*)",1,dram_read_transactions,Device,Memory,Read,Transactions,5529862,5529862,5529862
"    Kernel: void Eigen::internal::EigenMetaKernel<Eigen::TensorEvaluator<Eigen::TensorAssignOp<Eigen::TensorMap<Eigen::Tensor<float, int=2, int=1, int>, int=16, Eigen::MakePointer>, Eigen::TensorCwiseBinaryOp<Eigen::internal::scalar_difference_op<float, float>, Eigen::TensorMap<Eigen::Tensor<float const , int=2, int=1, int>, int=16, Eigen::MakePointer> const , Eigen::TensorBroadcastingOp<Eigen::array<long, unsigned long=2> const , Eigen::TensorMap<Eigen::Tensor<float const , int=2, int=1, int>, int=16, Eigen::MakePointer> const > const > const > const , Eigen::GpuDevice>, int>(float, int=2)",300,dram_read_transactions,Device,Memory,Read,Transactions,358525,358628,358557
"    Kernel: void Eigen::internal::EigenMetaKernel<Eigen::TensorEvaluator<Eigen::TensorAssignOp<Eigen::TensorMap<Eigen::Tensor<float, int=2, int=1, int>, int=16, Eigen::MakePointer>, Eigen::TensorCwiseBinaryOp<Eigen::internal::scalar_squared_difference_op<float>, Eigen::TensorBroadcastingOp<Eigen::array<long, unsigned long=2> const , Eigen::TensorMap<Eigen::Tensor<float const , int=2, int=1, int>, int=16, Eigen::MakePointer> const > const , Eigen::TensorBroadcastingOp<Eigen::array<long, unsigned long=2> const , Eigen::TensorMap<Eigen::Tensor<float const , int=2, int=1, int>, int=16, Eigen::MakePointer> const > const > const > const , Eigen::GpuDevice>, int>(float, int=2)",1800,dram_read_transactions,Device,Memory,Read,Transactions,3584,8552,5921
    Kernel: sgemm_32x32x32_NN,1200,dram_read_transactions,Device,Memory,Read,Transactions,276,516024,129481
"    Kernel: void Eigen::internal::EigenMetaKernel<Eigen::TensorEvaluator<Eigen::TensorAssignOp<Eigen::TensorMap<Eigen::Tensor<__int64, int=1, int=1, long>, int=16, Eigen::MakePointer>, Eigen::TensorConversionOp<__int64, Eigen::TensorTupleReducerOp<Eigen::internal::ArgMaxTupleReducer<Eigen::Tuple<long, float>>, Eigen::array<long, unsigned long=1> const , Eigen::TensorMap<Eigen::Tensor<float const , int=2, int=1, long>, int=16, Eigen::MakePointer> const > const > const > const , Eigen::GpuDevice>, long>(__int64, int=1)",600,dram_read_transactions,Device,Memory,Read,Transactions,143,409,268
"    Kernel: void Eigen::internal::EigenMetaKernel<Eigen::TensorEvaluator<Eigen::TensorAssignOp<Eigen::TensorMap<Eigen::Tensor<float, int=1, int=1, int>, int=16, Eigen::MakePointer>, Eigen::TensorCwiseUnaryOp<Eigen::internal::scalar_log_op<float>, Eigen::TensorMap<Eigen::Tensor<float const , int=1, int=1, int>, int=16, Eigen::MakePointer> const > const > const , Eigen::GpuDevice>, int>(float, int=1)",600,dram_read_transactions,Device,Memory,Read,Transactions,48826,51384,50498
"    Kernel: void Eigen::internal::EigenMetaKernel<Eigen::TensorEvaluator<Eigen::TensorAssignOp<Eigen::TensorMap<Eigen::Tensor<float, int=1, int=1, int>, int=16, Eigen::MakePointer>, Eigen::TensorCwiseUnaryOp<Eigen::internal::scalar_opposite_op<float>, Eigen::TensorMap<Eigen::Tensor<float const , int=1, int=1, int>, int=16, Eigen::MakePointer> const > const > const , Eigen::GpuDevice>, int>(float, int=1)",900,dram_read_transactions,Device,Memory,Read,Transactions,32,51286,17632
"    Kernel: void Eigen::internal::EigenMetaKernel<Eigen::TensorEvaluator<Eigen::TensorAssignOp<Eigen::TensorMap<Eigen::Tensor<float, int=1, int=1, int>, int=16, Eigen::MakePointer>, Eigen::TensorCwiseUnaryOp<Eigen::internal::scalar_cos_op<float>, Eigen::TensorMap<Eigen::Tensor<float const , int=1, int=1, int>, int=16, Eigen::MakePointer> const > const > const , Eigen::GpuDevice>, int>(float, int=1)",900,dram_read_transactions,Device,Memory,Read,Transactions,56,51342,17651
"    Kernel: void Eigen::internal::EigenMetaKernel<Eigen::TensorEvaluator<Eigen::TensorAssignOp<Eigen::TensorMap<Eigen::Tensor<float, int=1, int=1, int>, int=16, Eigen::MakePointer>, Eigen::TensorCwiseUnaryOp<Eigen::internal::scalar_tanh_op<float>, Eigen::TensorMap<Eigen::Tensor<float const , int=1, int=1, int>, int=16, Eigen::MakePointer> const > const > const , Eigen::GpuDevice>, int>(float, int=1)",2700,dram_read_transactions,Device,Memory,Read,Transactions,0,51382,17623
"    Kernel: void fft2d_r2c_32x32<float, bool=0, unsigned int=1, bool=1>(float2*, float const *, int, int, int, int, int, int, int, int, int, cudnn::reduced_divisor, bool, int2, int, int)",4,dram_read_transactions,Device,Memory,Read,Transactions,926,19050,14511
