"    Kernel: void cudnn::winograd_nonfused::winogradForwardOutput4x4<float, float>(cudnn::winograd_nonfused::WinogradOutputParams<float, float>)",8,dram_write_transactions,Device,Memory,Write,Transactions,420,33543,11436,91488
"    Kernel: void flip_filter<float, float>(float*, float const *, int, int, int, int)",26,dram_write_transactions,Device,Memory,Write,Transactions,1924,304259,63379,1647854
    Kernel: maxwell_sgemm_128x64_nn,8,dram_write_transactions,Device,Memory,Write,Transactions,43627,105299,68124,544992
"    Kernel: void Eigen::internal::EigenMetaKernel<Eigen::TensorEvaluator<Eigen::TensorAssignOp<Eigen::TensorReshapingOp<Eigen::IndexList<int> const , Eigen::TensorMap<Eigen::Tensor<float, int=2, int=1, long>, int=16, Eigen::MakePointer>>, Eigen::TensorReductionOp<Eigen::internal::SumReducer<float>, Eigen::IndexList<Eigen::type2index<long=1>> const , Eigen::TensorCwiseUnaryOp<Eigen::internal::scalar_exp_op<float>, Eigen::TensorMap<Eigen::Tensor<float, int=2, int=1, long>, int=16, Eigen::MakePointer> const > const , Eigen::MakePointer> const > const , Eigen::GpuDevice>, long>(int, )",2188,dram_write_transactions,Device,Memory,Write,Transactions,2004,3408,3254,7119752
    Kernel: maxwell_gcgemm_32x32_nt,12,dram_write_transactions,Device,Memory,Write,Transactions,56279,1150240,277519,3330228
"    Kernel: void cudnn::detail::explicit_convolve_sgemm<float, int, int=1024, int=5, int=5, int=3, int=3, int=3, int=0, bool=1>(int, int, int, float const *, int, float const , int, cudnn::detail::explicit_convolve_sgemm<float, int, int=1024, int=5, int=5, int=3, int=3, int=3, int=0, bool=1>*, kernel_conv_params, int, int, float, float, int, float const *, float const *)",17,dram_write_transactions,Device,Memory,Write,Transactions,5597,386948,55934,950878
    Kernel: maxwell_cgemm_32x64_tn,11,dram_write_transactions,Device,Memory,Write,Transactions,62167,624444,203228,2235508
    Kernel: maxwell_scudnn_128x64_relu_small_nn,2,dram_write_transactions,Device,Memory,Write,Transactions,19596,31608,25602,51204
"    Kernel: void Eigen::internal::EigenMetaKernel<Eigen::TensorEvaluator<Eigen::TensorAssignOp<Eigen::TensorMap<Eigen::Tensor<float, int=1, int=1, int>, int=16, Eigen::MakePointer>, Eigen::TensorCwiseUnaryOp<Eigen::internal::scalar_left<float, float, Eigen::internal::scalar_sum_op<float, float>, bool=0>, Eigen::TensorMap<Eigen::Tensor<float const , int=1, int=1, int>, int=16, Eigen::MakePointer> const > const > const , Eigen::GpuDevice>, int>(float, int=1)",54,dram_write_transactions,Device,Memory,Write,Transactions,528,296454,54203,2926962
"    Kernel: void Eigen::internal::EigenMetaKernel<Eigen::TensorEvaluator<Eigen::TensorEvalToOp<Eigen::TensorCwiseUnaryOp<Eigen::internal::scalar_log_op<float>, Eigen::TensorMap<Eigen::Tensor<float, int=2, int=1, long>, int=16, Eigen::MakePointer> const > const , Eigen::MakePointer> const , Eigen::GpuDevice>, long>(float, Eigen::internal::scalar_log_op<float>)",2188,dram_write_transactions,Device,Memory,Write,Transactions,4,56,17,37196
"    Kernel: void cudnn::detail::explicit_convolve_sgemm<float, int, int=128, int=6, int=7, int=3, int=3, int=5, int=0, bool=1>(int, int, int, float const *, int, float const , int, cudnn::detail::explicit_convolve_sgemm<float, int, int=128, int=6, int=7, int=3, int=3, int=5, int=0, bool=1>*, kernel_conv_params, int, int, float, float, int, float const *, float const *)",1,dram_write_transactions,Device,Memory,Write,Transactions,86333,86333,86333,86333
"    Kernel: void Eigen::internal::EigenMetaKernel<Eigen::TensorEvaluator<Eigen::TensorAssignOp<Eigen::TensorMap<Eigen::Tensor<float, int=1, int=1, long>, int=16, Eigen::MakePointer>, Eigen::TensorConversionOp<float, Eigen::TensorMap<Eigen::Tensor<int const , int=1, int=1, long>, int=16, Eigen::MakePointer> const > const > const , Eigen::GpuDevice>, long>(float, int=1)",4376,dram_write_transactions,Device,Memory,Write,Transactions,0,32,5,21880
"    Kernel: void Eigen::internal::EigenMetaKernel<Eigen::TensorEvaluator<Eigen::TensorEvalToOp<Eigen::TensorCwiseBinaryOp<Eigen::internal::scalar_product_op<float const , float const >, Eigen::TensorBroadcastingOp<Eigen::array<long, unsigned long=2> const , Eigen::TensorMap<Eigen::Tensor<float const , int=2, int=1, long>, int=16, Eigen::MakePointer> const > const , Eigen::TensorCwiseBinaryOp<Eigen::internal::scalar_difference_op<float, float>, Eigen::TensorBroadcastingOp<Eigen::IndexList<Eigen::type2index<long=1>> const , Eigen::TensorForcedEvalOp<Eigen::TensorCwiseUnaryOp<Eigen::internal::scalar_log_op<float>, Eigen::TensorMap<Eigen::Tensor<float, int=2, int=1, long>, int=16, Eigen::MakePointer> const > const > const > const , Eigen::TensorMap<Eigen::Tensor<float, int=2, int=1, long>, int=16, Eigen::MakePointer> const > const > const , Eigen::MakePointer> const , Eigen::GpuDevice>, long>(float const , float const )",2188,dram_write_transactions,Device,Memory,Write,Transactions,28,244,180,393840
    Kernel: cudnn_maxwell_gcgemm_64x32_tn_batched,10,dram_write_transactions,Device,Memory,Write,Transactions,104504,2386124,648664,6486640
"    Kernel: void tensorflow::BiasNHWCKernel<float>(int, float const *, float const , tensorflow::BiasNHWCKernel<float>*, int)",2188,dram_write_transactions,Device,Memory,Write,Transactions,0,4,0,0
"    Kernel: void Eigen::internal::EigenMetaKernel<Eigen::TensorEvaluator<Eigen::TensorAssignOp<Eigen::TensorMap<Eigen::Tensor<bool, int=1, int=1, int>, int=16, Eigen::MakePointer>, Eigen::TensorCwiseUnaryOp<Eigen::internal::scalar_right<bool, bool, Eigen::internal::scalar_boolean_and_op, bool=0>, Eigen::TensorMap<Eigen::Tensor<bool const , int=1, int=1, int>, int=16, Eigen::MakePointer> const > const > const , Eigen::GpuDevice>, int>(bool, int=1)",70002,dram_write_transactions,Device,Memory,Write,Transactions,0,36,0,0
"    Kernel: void Eigen::internal::EigenMetaKernel<Eigen::TensorEvaluator<Eigen::TensorAssignOp<Eigen::TensorMap<Eigen::Tensor<float, int=3, int=1, int>, int=16, Eigen::MakePointer>, Eigen::TensorSlicingOp<Eigen::DSizes<long, int=3> const , Eigen::DSizes<long, int=3> const , Eigen::TensorMap<Eigen::Tensor<float const , int=3, int=1, int>, int=16, Eigen::MakePointer> const > const > const , Eigen::GpuDevice>, int>(float, int=3)",70000,dram_write_transactions,Device,Memory,Write,Transactions,0,218,69,4830000
"    Kernel: void tensorflow::functor::SwapDimension1And2InTensor3UsingTiles<unsigned int, int=1024, int=1024, int=2, bool=0>(unsigned int const *, tensorflow::functor::Dimension<int=3>, tensorflow::functor::SwapDimension1And2InTensor3UsingTiles<unsigned int, int=1024, int=1024, int=2, bool=0>*)",2188,dram_write_transactions,Device,Memory,Write,Transactions,17583,30655,30286,66265768
    Kernel: cudnn::maxwell::gemm::computeOffsetsKernel(cudnn::maxwell::gemm::ComputeOffsetsParams),38,dram_write_transactions,Device,Memory,Write,Transactions,68,236,94,3572
"    Kernel: void Eigen::internal::EigenMetaKernel<Eigen::TensorEvaluator<Eigen::TensorAssignOp<Eigen::TensorMap<Eigen::Tensor<float, int=1, int=1, long>, int=16, Eigen::MakePointer>, Eigen::TensorReductionOp<Eigen::internal::SumReducer<float>, Eigen::IndexList<Eigen::type2index<long=1>> const , Eigen::TensorForcedEvalOp<Eigen::TensorCwiseBinaryOp<Eigen::internal::scalar_product_op<float const , float const >, Eigen::TensorBroadcastingOp<Eigen::array<long, unsigned long=2> const , Eigen::TensorMap<Eigen::Tensor<float const , int=2, int=1, long>, int=16, Eigen::MakePointer> const > const , Eigen::TensorCwiseBinaryOp<Eigen::internal::scalar_difference_op<float, float>, Eigen::TensorBroadcastingOp<Eigen::IndexList<Eigen::type2index<long=1>> const , Eigen::TensorForcedEvalOp<Eigen::TensorCwiseUnaryOp<Eigen::internal::scalar_log_op<float>, Eigen::TensorMap<Eigen::Tensor<float, int=2, int=1, long>, int=16, Eigen::MakePointer> const > const > const > const , Eigen::TensorMap<Eigen::Tensor<float, int=2, int=1, long>, int=16, Eigen::MakePointer> const > const > const > const , Eigen::MakePointer> const > const , Eigen::GpuDevice>, long>(float, int=1)",2188,dram_write_transactions,Device,Memory,Write,Transactions,10588,12764,12391,27111508
"    Kernel: void Eigen::internal::EigenMetaKernel<Eigen::TensorEvaluator<Eigen::TensorAssignOp<Eigen::TensorMap<Eigen::Tensor<float, int=1, int=1, long>, int=16, Eigen::MakePointer>, Eigen::TensorCwiseBinaryOp<Eigen::internal::scalar_max_op<float const , float const >, Eigen::TensorMap<Eigen::Tensor<float const , int=1, int=1, long>, int=16, Eigen::MakePointer> const , Eigen::TensorCwiseNullaryOp<Eigen::internal::scalar_constant_op<float const >, Eigen::TensorMap<Eigen::Tensor<float const , int=1, int=1, long>, int=16, Eigen::MakePointer> const > const > const > const , Eigen::GpuDevice>, long>(float, int=1)",107212,dram_write_transactions,Device,Memory,Write,Transactions,0,102542,11724,1256953488
"    Kernel: void tensorflow::_GLOBAL__N__64_tmpxft_00066e33_00000000_12_softmax_op_gpu_cu_compute_75_cpp1_ii_d41ce5d8::GenerateNormalizedProb<float, float>(float const *, float const *, float const , tensorflow::_GLOBAL__N__64_tmpxft_00066e33_00000000_12_softmax_op_gpu_cu_compute_75_cpp1_ii_d41ce5d8::GenerateNormalizedProb<float, float>*, int, int, bool)",2188,dram_write_transactions,Device,Memory,Write,Transactions,0,20,9,19692
"    Kernel: void cudnn::detail::implicit_convolve_sgemm<float, float, int=128, int=5, int=5, int=3, int=3, int=3, int=1, bool=1, bool=0, bool=1>(int, int, int, float const *, int, float*, cudnn::detail::implicit_convolve_sgemm<float, float, int=128, int=5, int=5, int=3, int=3, int=3, int=1, bool=1, bool=0, bool=1>*, kernel_conv_params, int, float, float, int, float, float, int, int)",39433,dram_write_transactions,Device,Memory,Write,Transactions,0,349537,86747,3420694451
    Kernel: cudnn_maxwell_gcgemm_64x64_nt_batched,3,dram_write_transactions,Device,Memory,Write,Transactions,103382,564106,276882,830646
"    Kernel: void Eigen::internal::EigenMetaKernel<Eigen::TensorEvaluator<Eigen::TensorAssignOp<Eigen::TensorMap<Eigen::Tensor<float, int=1, int=1, long>, int=16, Eigen::MakePointer>, Eigen::TensorCwiseBinaryOp<Eigen::internal::scalar_sum_op<float const , float const >, Eigen::TensorMap<Eigen::Tensor<float, int=1, int=1, long>, int=16, Eigen::MakePointer> const , Eigen::TensorMap<Eigen::Tensor<float const , int=1, int=1, long>, int=16, Eigen::MakePointer> const > const > const , Eigen::GpuDevice>, long>(float, int=1)",4376,dram_write_transactions,Device,Memory,Write,Transactions,0,40,2,8752
    Kernel: redzone_checker,680,dram_write_transactions,Device,Memory,Write,Transactions,23,66062,7089,4820520
    Kernel: maxwell_scudnn_winograd_128x128_ldg1_ldg4_tile418n_nt,6,dram_write_transactions,Device,Memory,Write,Transactions,17900,79910,47736,286416
"    Kernel: void cudnn::detail::bn_fw_inf_1C11_kernel_NCHW<float, float, bool=1, int=1>(float, cudnn::detail::bn_fw_inf_1C11_kernel_NCHW<float, float, bool=1, int=1>, cudnnTensorStruct, float const *, float, cudnnTensorStruct*, float, cudnn::detail::bn_fw_inf_1C11_kernel_NCHW<float, float, bool=1, int=1> const *, cudnn::detail::bn_fw_inf_1C11_kernel_NCHW<float, float, bool=1, int=1> const , cudnn::detail::bn_fw_inf_1C11_kernel_NCHW<float, float, bool=1, int=1> const , cudnn::detail::bn_fw_inf_1C11_kernel_NCHW<float, float, bool=1, int=1> const , cudnn::detail::bn_fw_inf_1C11_kernel_NCHW<float, float, bool=1, int=1>)",115964,dram_write_transactions,Device,Memory,Write,Transactions,0,107485,17464,2025195296
"    Kernel: void Eigen::internal::EigenMetaKernel<Eigen::TensorEvaluator<Eigen::TensorAssignOp<Eigen::TensorMap<Eigen::Tensor<float, int=1, int=1, int>, int=16, Eigen::MakePointer>, Eigen::TensorCwiseUnaryOp<Eigen::internal::scalar_right<float, float, Eigen::internal::scalar_product_op<float, float>, bool=0>, Eigen::TensorMap<Eigen::Tensor<float const , int=1, int=1, int>, int=16, Eigen::MakePointer> const > const > const , Eigen::GpuDevice>, int>(float, int=1)",24,dram_write_transactions,Device,Memory,Write,Transactions,296,294742,59210,1421040
"    Kernel: void cudnn::detail::implicit_convolve_sgemm<float, float, int=128, int=6, int=7, int=3, int=3, int=5, int=1, bool=1, bool=0, bool=1>(int, int, int, float const *, int, float*, cudnn::detail::implicit_convolve_sgemm<float, float, int=128, int=6, int=7, int=3, int=3, int=5, int=1, bool=1, bool=0, bool=1>*, kernel_conv_params, int, float, float, int, float, float, int, int)",17499,dram_write_transactions,Device,Memory,Write,Transactions,29,151589,49464,865570536
"    Kernel: void tensorflow::_GLOBAL__N__69_tmpxft_0004ac8c_00000000_12_concat_lib_gpu_impl_cu_compute_75_cpp1_ii_4d892484::concat_fixed_kernel<float, int>(tensorflow::GpuDeviceArrayStruct<float const *, int=8>, int, int, int, tensorflow::GpuDeviceArrayStruct*)",2,dram_write_transactions,Device,Memory,Write,Transactions,2126935,12128898,7127916,14255832
"    Kernel: void Eigen::internal::EigenMetaKernel<Eigen::TensorEvaluator<Eigen::TensorAssignOp<Eigen::TensorReshapingOp<Eigen::IndexList<int> const , Eigen::TensorMap<Eigen::Tensor<float, int=2, int=1, long>, int=16, Eigen::MakePointer>>, Eigen::TensorReductionOp<Eigen::internal::MaxReducer<float>, Eigen::IndexList<Eigen::type2index<long=1>> const , Eigen::TensorBroadcastingOp<Eigen::array<long, unsigned long=2> const , Eigen::TensorMap<Eigen::Tensor<float const , int=2, int=1, long>, int=16, Eigen::MakePointer> const > const , Eigen::MakePointer> const > const , Eigen::GpuDevice>, long>(int, )",2188,dram_write_transactions,Device,Memory,Write,Transactions,4,12,8,17504
"    Kernel: void Eigen::internal::EigenMetaKernel<Eigen::TensorEvaluator<Eigen::TensorAssignOp<Eigen::TensorMap<Eigen::Tensor<float, int=2, int=1, long>, int=16, Eigen::MakePointer>, Eigen::TensorCwiseBinaryOp<Eigen::internal::scalar_difference_op<float, float>, Eigen::TensorCwiseBinaryOp<Eigen::internal::scalar_quotient_op<float, float>, Eigen::TensorCwiseUnaryOp<Eigen::internal::scalar_exp_op<float>, Eigen::TensorMap<Eigen::Tensor<float, int=2, int=1, long>, int=16, Eigen::MakePointer> const > const , Eigen::TensorBroadcastingOp<Eigen::IndexList<Eigen::type2index<long=1>> const , Eigen::TensorMap<Eigen::Tensor<float, int=2, int=1, long>, int=16, Eigen::MakePointer> const > const > const , Eigen::TensorBroadcastingOp<Eigen::array<long, unsigned long=2> const , Eigen::TensorMap<Eigen::Tensor<float const , int=2, int=1, long>, int=16, Eigen::MakePointer> const > const > const > const , Eigen::GpuDevice>, long>(float, int=2)",2188,dram_write_transactions,Device,Memory,Write,Transactions,32,112,60,131280
"    Kernel: void Eigen::internal::EigenMetaKernel<Eigen::TensorEvaluator<Eigen::TensorAssignOp<Eigen::TensorMap<Eigen::Tensor<float, int=1, int=1, int>, int=16, Eigen::MakePointer>, Eigen::TensorCwiseUnaryOp<Eigen::internal::scalar_right<float, float, Eigen::internal::div_no_nan_op<float>, bool=0>, Eigen::TensorMap<Eigen::Tensor<float const , int=1, int=1, int>, int=16, Eigen::MakePointer> const > const > const , Eigen::GpuDevice>, int>(float, int=1)",4376,dram_write_transactions,Device,Memory,Write,Transactions,0,32,7,30632
"    Kernel: void cudnn::detail::explicit_convolve_sgemm<float, int, int=128, int=5, int=5, int=3, int=3, int=3, int=0, bool=1>(int, int, int, float const *, int, float const , int, cudnn::detail::explicit_convolve_sgemm<float, int, int=128, int=5, int=5, int=3, int=3, int=3, int=0, bool=1>*, kernel_conv_params, int, int, float, float, int, float const *, float const *)",21,dram_write_transactions,Device,Memory,Write,Transactions,2356,285126,48903,1026963
    Kernel: cudnn_maxwell_cgemm_64x32_nt_batched,5,dram_write_transactions,Device,Memory,Write,Transactions,273463,299922,282477,1412385
"    Kernel: void fft2d_r2c_32x32<float, bool=0, unsigned int=0, bool=0>(float2*, float const *, int, int, int, int, int, int, int, int, int, cudnn::reduced_divisor, bool, int2, int, int)",8,dram_write_transactions,Device,Memory,Write,Transactions,1472,15247,6682,53456
"    Kernel: void fft1d_r2c_32<float, float, float2, bool=0, bool=0>(float2*, float const *, int, int3, int3, int2, int2)",18,dram_write_transactions,Device,Memory,Write,Transactions,40435,557214,180948,3257064
"    Kernel: void cudnn::detail::implicit_convolve_sgemm<float, float, int=1024, int=5, int=5, int=3, int=3, int=3, int=1, bool=1, bool=0, bool=1>(int, int, int, float const *, int, float*, cudnn::detail::implicit_convolve_sgemm<float, float, int=1024, int=5, int=5, int=3, int=3, int=3, int=1, bool=1, bool=0, bool=1>*, kernel_conv_params, int, float, float, int, float, float, int, int)",59074,dram_write_transactions,Device,Memory,Write,Transactions,0,165433,31953,1887591522
"    Kernel: void fft1d_r2c_32<float, float, float2, bool=1, bool=0>(float2*, float const *, int, int3, int3, int2, int2)",18,dram_write_transactions,Device,Memory,Write,Transactions,16204,4456057,1316354,23694372
"    Kernel: void im2col4d_kernel<float, int>(im2col4d_params, cudnnConvolutionStruct, cudnnTensor4dStruct, float const *, float*, int)",40,dram_write_transactions,Device,Memory,Write,Transactions,7924,237800,49485,1979400
"    Kernel: void tensorflow::functor::RowReduceKernel<float*, tensorflow::TransformOutputIterator<float, float, tensorflow::functor::DividesBy<float, float>, long>, tensorflow::functor::Sum<float>>(float*, float, int, int, float, std::iterator_traits<tensorflow::functor::RowReduceKernel<float*, tensorflow::TransformOutputIterator<float, float, tensorflow::functor::DividesBy<float, float>, long>, tensorflow::functor::Sum<float>>>::value_type)",2188,dram_write_transactions,Device,Memory,Write,Transactions,733,8269,8200,17941600
"    Kernel: void cudnn::winograd_nonfused::winogradForwardData4x4<float, float>(cudnn::winograd_nonfused::WinogradDataParams<float, float>)",8,dram_write_transactions,Device,Memory,Write,Transactions,24560,86154,54174,433392
"    Kernel: void fft2d_c2r_32x32<float, bool=1, bool=0, unsigned int=0, bool=0, bool=0>(float*, float2 const *, int, int, int, int, int, int, int, int, int, float, float, cudnn::reduced_divisor, bool, float*, float*, int2, int, int)",8,dram_write_transactions,Device,Memory,Write,Transactions,37830,110386,61576,492608
"    Kernel: void fft2d_c2r_32x32<float, bool=0, bool=0, unsigned int=1, bool=0, bool=0>(float*, float2 const *, int, int, int, int, int, int, int, int, int, float, float, cudnn::reduced_divisor, bool, float*, float*, int2, int, int)",8,dram_write_transactions,Device,Memory,Write,Transactions,15502,55874,30597,244776
"    Kernel: compute_gemm_pointers(float2**, float2 const *, int, float2 const *, int, float2 const *, int, int)",11,dram_write_transactions,Device,Memory,Write,Transactions,264,372,330,3630
    Kernel: maxwell_cgemm_32x32_tn,144,dram_write_transactions,Device,Memory,Write,Transactions,8237,46627,8511,1225584
"    Kernel: void tensorflow::functor::ShuffleInTensor3Simple<float, int=2, int=1, int=0, bool=0>(int, float const *, tensorflow::functor::Dimension<int=3>, tensorflow::functor::ShuffleInTensor3Simple<float, int=2, int=1, int=0, bool=0>*)",115964,dram_write_transactions,Device,Memory,Write,Transactions,0,296926,47230,5476979720
"    Kernel: void fft1d_c2r_32<float2, float, float, bool=0, bool=1, bool=0, bool=0>(float*, float2 const *, int, int3, int3, int2, int, float, float, float*, float*)",18,dram_write_transactions,Device,Memory,Write,Transactions,1720,113965,35901,646218
    Kernel: maxwell_scudnn_winograd_128x128_ldg1_ldg4_tile228n_nt,2,dram_write_transactions,Device,Memory,Write,Transactions,12681,23332,18006,36012
"    Kernel: void Eigen::internal::EigenMetaKernel<Eigen::TensorEvaluator<Eigen::TensorAssignOp<Eigen::TensorMap<Eigen::Tensor<float, int=1, int=1, long>, int=16, Eigen::MakePointer>, Eigen::TensorConversionOp<float, Eigen::TensorMap<Eigen::Tensor<bool const , int=1, int=1, long>, int=16, Eigen::MakePointer> const > const > const , Eigen::GpuDevice>, long>(float, int=1)",2188,dram_write_transactions,Device,Memory,Write,Transactions,0,52,25,54700
"    Kernel: void cgemm_largek<bool=1, bool=0, bool=0, bool=0, int=4, int=4, int=4, int=3, int=3, int=18>(float2*, float2 const *, float2 const *, int, int, int, int, int, int, float2 const *, float2 const *, float2, float2, int, int, int*, int*)",144,dram_write_transactions,Device,Memory,Write,Transactions,4172,47118,4480,645120
    Kernel: cudnn_maxwell_gcgemm_32x32_nt_batched,7,dram_write_transactions,Device,Memory,Write,Transactions,46274,423546,207267,1450869
"    Kernel: void fft2d_r2c_16x16<float>(float2*, float const *, int, int, int, int, int, int, int, int)",52,dram_write_transactions,Device,Memory,Write,Transactions,37799,37741236,4534045,235770340
    Kernel: maxwell_scudnn_128x64_relu_interior_nn,6,dram_write_transactions,Device,Memory,Write,Transactions,18788,105837,46682,280092
"    Kernel: void tensorflow::functor::RowReduceKernel<cub::TransformInputIterator<float, tensorflow::_GLOBAL__N__64_tmpxft_00066e33_00000000_12_softmax_op_gpu_cu_compute_75_cpp1_ii_d41ce5d8::SubtractAndExpFunctor<float, float>, cub::CountingInputIterator<int, long>, long>, float*, cub::Sum>(float, float, int, int, float, std::iterator_traits<tensorflow::functor::RowReduceKernel<cub::TransformInputIterator<float, tensorflow::_GLOBAL__N__64_tmpxft_00066e33_00000000_12_softmax_op_gpu_cu_compute_75_cpp1_ii_d41ce5d8::SubtractAndExpFunctor<float, float>, cub::CountingInputIterator<int, long>, long>, float*, cub::Sum>>::value_type)",2188,dram_write_transactions,Device,Memory,Write,Transactions,0,8,0,0
"    Kernel: void Eigen::internal::EigenMetaKernel<Eigen::TensorEvaluator<Eigen::TensorAssignOp<Eigen::TensorMap<Eigen::Tensor<float, int=2, int=1, long>, int=16, Eigen::MakePointer>, Eigen::TensorCwiseBinaryOp<Eigen::internal::scalar_difference_op<float const , float const >, Eigen::TensorBroadcastingOp<Eigen::array<long, unsigned long=2> const , Eigen::TensorMap<Eigen::Tensor<float const , int=2, int=1, long>, int=16, Eigen::MakePointer> const > const , Eigen::TensorBroadcastingOp<Eigen::IndexList<Eigen::type2index<long=1>> const , Eigen::TensorMap<Eigen::Tensor<float, int=2, int=1, long>, int=16, Eigen::MakePointer> const > const > const > const , Eigen::GpuDevice>, long>(float, int=2)",2188,dram_write_transactions,Device,Memory,Write,Transactions,0,12,5,10940
"    Kernel: void cudnn::detail::pooling_fw_4d_kernel<float, float, cudnn::detail::maxpooling_func<float, cudnnNanPropagation_t=0>, int=0, bool=0>(cudnnTensorStruct, float const *, cudnn::detail::pooling_fw_4d_kernel<float, float, cudnn::detail::maxpooling_func<float, cudnnNanPropagation_t=0>, int=0, bool=0>, cudnnTensorStruct*, cudnnPoolingStruct, float, cudnnPoolingStruct, int, cudnn::reduced_divisor, float)",2188,dram_write_transactions,Device,Memory,Write,Transactions,17421,51909,50411,110299268
"    Kernel: void fft2d_r2c_32x32<float, bool=0, unsigned int=1, bool=0>(float2*, float const *, int, int, int, int, int, int, int, int, int, cudnn::reduced_divisor, bool, int2, int, int)",8,dram_write_transactions,Device,Memory,Write,Transactions,139751,2226943,783140,6265120
    Kernel: maxwell_scudnn_128x128_relu_small_nn,4,dram_write_transactions,Device,Memory,Write,Transactions,13940,44039,29703,118812
    Kernel: cudnn_maxwell_cgemm_32x64_nt_batched,2,dram_write_transactions,Device,Memory,Write,Transactions,46513,178769,112641,225282
"    Kernel: void cudnn::winograd_nonfused::winogradForwardFilter4x4<float, float>(cudnn::winograd_nonfused::WinogradFilterParams<float, float>)",8,dram_write_transactions,Device,Memory,Write,Transactions,14580,1171108,385772,3086176
"    Kernel: void Eigen::internal::EigenMetaKernel<Eigen::TensorEvaluator<Eigen::TensorAssignOp<Eigen::TensorMap<Eigen::Tensor<float, int=1, int=1, int>, int=16, Eigen::MakePointer>, Eigen::TensorCwiseBinaryOp<Eigen::internal::scalar_sum_op<float, float>, Eigen::TensorMap<Eigen::Tensor<float const , int=1, int=1, int>, int=16, Eigen::MakePointer> const , Eigen::TensorMap<Eigen::Tensor<float const , int=1, int=1, long>, int=16, Eigen::MakePointer> const > const > const , Eigen::GpuDevice>, long>(float, int=1)",35008,dram_write_transactions,Device,Memory,Write,Transactions,0,101345,46453,1626226624
"    Kernel: void Eigen::internal::EigenMetaKernel<Eigen::TensorEvaluator<Eigen::TensorAssignOp<Eigen::TensorMap<Eigen::Tensor<bool, int=1, int=1, int>, int=16, Eigen::MakePointer>, Eigen::TensorCwiseBinaryOp<Eigen::internal::equal_to<__int64>, Eigen::TensorMap<Eigen::Tensor<__int64 const , int=1, int=1, int>, int=16, Eigen::MakePointer> const , Eigen::TensorMap<Eigen::Tensor<__int64 const , int=1, int=1, long>, int=16, Eigen::MakePointer> const > const > const , Eigen::GpuDevice>, long>(bool, int=1)",2188,dram_write_transactions,Device,Memory,Write,Transactions,0,32,11,24068
"    Kernel: void tensorflow::BiasNCHWKernel<float>(int, float const *, float const , tensorflow::BiasNCHWKernel<float>*, int, int)",115964,dram_write_transactions,Device,Memory,Write,Transactions,0,97455,12934,1499878376
"    Kernel: void cudnn::winograd::generateWinogradTilesKernel<int=0, float, float>(cudnn::winograd::GenerateWinogradTilesParams<float, float>)",8,dram_write_transactions,Device,Memory,Write,Transactions,8808,523060,173016,1384128
"    Kernel: void cudnn::detail::explicit_convolve_sgemm<float, int, int=1024, int=6, int=7, int=3, int=3, int=5, int=0, bool=1>(int, int, int, float const *, int, float const , int, cudnn::detail::explicit_convolve_sgemm<float, int, int=1024, int=6, int=7, int=3, int=3, int=5, int=0, bool=1>*, kernel_conv_params, int, int, float, float, int, float const *, float const *)",1,dram_write_transactions,Device,Memory,Write,Transactions,140055,140055,140055,140055
    Kernel: maxwell_scudnn_128x128_relu_interior_nn,26,dram_write_transactions,Device,Memory,Write,Transactions,12840,112039,42238,1098188
"    Kernel: void Eigen::internal::EigenMetaKernel<Eigen::TensorEvaluator<Eigen::TensorAssignOp<Eigen::TensorMap<Eigen::Tensor<float, int=1, int=1, int>, int=16, Eigen::MakePointer>, Eigen::TensorCwiseUnaryOp<Eigen::internal::scalar_left<float, float, Eigen::internal::scalar_product_op<float, float>, bool=0>, Eigen::TensorMap<Eigen::Tensor<float const , int=1, int=1, int>, int=16, Eigen::MakePointer> const > const > const , Eigen::GpuDevice>, int>(float, int=1)",30,dram_write_transactions,Device,Memory,Write,Transactions,1744,296594,50122,1503660
"    Kernel: void Eigen::internal::EigenMetaKernel<Eigen::TensorEvaluator<Eigen::TensorAssignOp<Eigen::TensorMap<Eigen::Tensor<float, int=4, int=1, int>, int=16, Eigen::MakePointer>, Eigen::TensorPaddingOp<Eigen::array<Eigen::IndexPair<int>, unsigned long=4> const , Eigen::TensorMap<Eigen::Tensor<float const , int=4, int=1, int>, int=16, Eigen::MakePointer> const > const > const , Eigen::GpuDevice>, int>(float, int=4)",2188,dram_write_transactions,Device,Memory,Write,Transactions,7192,19799,19568,42814784
"    Kernel: void tensorflow::functor::RowReduceKernel<float const *, float*, cub::Max>(float const *, float*, int, int, cub::Max, std::iterator_traits<tensorflow::functor::RowReduceKernel<float const *, float*, cub::Max>>::value_type)",2188,dram_write_transactions,Device,Memory,Write,Transactions,0,8,2,4376
"    Kernel: void Eigen::internal::EigenMetaKernel<Eigen::TensorEvaluator<Eigen::TensorAssignOp<Eigen::TensorMap<Eigen::Tensor<float, int=3, int=1, int>, int=16, Eigen::MakePointer>, Eigen::TensorPaddingOp<Eigen::array<Eigen::IndexPair<int>, unsigned long=3> const , Eigen::TensorMap<Eigen::Tensor<float const , int=3, int=1, int>, int=16, Eigen::MakePointer> const > const > const , Eigen::GpuDevice>, int>(float, int=3)",72188,dram_write_transactions,Device,Memory,Write,Transactions,0,125095,3767,271932196
"    Kernel: void tensorflow::functor::FillPhiloxRandomKernelLaunch<tensorflow::random::UniformDistribution<tensorflow::random::PhiloxRandom, float>>(tensorflow::random::PhiloxRandom, tensorflow::random::PhiloxRandomResultElementType*, __int64, tensorflow::functor::FillPhiloxRandomKernelLaunch<tensorflow::random::UniformDistribution<tensorflow::random::PhiloxRandom, float>>)",54,dram_write_transactions,Device,Memory,Write,Transactions,1139,323096,72547,3917538
"    Kernel: void fft2d_c2r_16x16<float, bool=0>(float*, float2*, int, int, int, int, int, int, int, int, int, int, float, float, int, float*, float*)",26,dram_write_transactions,Device,Memory,Write,Transactions,552,107931,25373,659698
"    Kernel: void tensorflow::functor::FillPhiloxRandomKernelLaunch<tensorflow::random::UniformDistribution<tensorflow::random::PhiloxRandom, int>>(tensorflow::random::PhiloxRandom, tensorflow::random::PhiloxRandomResultElementType*, __int64, tensorflow::functor::FillPhiloxRandomKernelLaunch<tensorflow::random::UniformDistribution<tensorflow::random::PhiloxRandom, int>>)",140000,dram_write_transactions,Device,Memory,Write,Transactions,16,15472,146,20440000
    Kernel: cudnn_maxwell_gcgemm_64x32_nt_batched,3,dram_write_transactions,Device,Memory,Write,Transactions,565478,2259918,1319827,3959481
    Kernel: cudnn_maxwell_cgemm_64x32_tn_batched,3,dram_write_transactions,Device,Memory,Write,Transactions,77980,295448,150648,451944
    Kernel: sgemm_32x32x32_NN,2188,dram_write_transactions,Device,Memory,Write,Transactions,0,60,51,111588
"    Kernel: void Eigen::internal::EigenMetaKernel<Eigen::TensorEvaluator<Eigen::TensorAssignOp<Eigen::TensorMap<Eigen::Tensor<__int64, int=1, int=1, long>, int=16, Eigen::MakePointer>, Eigen::TensorConversionOp<__int64, Eigen::TensorTupleReducerOp<Eigen::internal::ArgMaxTupleReducer<Eigen::Tuple<long, float>>, Eigen::array<long, unsigned long=1> const , Eigen::TensorMap<Eigen::Tensor<float const , int=2, int=1, long>, int=16, Eigen::MakePointer> const > const > const > const , Eigen::GpuDevice>, long>(__int64, int=1)",4376,dram_write_transactions,Device,Memory,Write,Transactions,0,100,5,21880
"    Kernel: void tensorflow::functor::BlockReduceKernel<float*, float*, int=256, tensorflow::functor::Sum<float>>(float*, float*, int, float, std::iterator_traits<tensorflow::functor::BlockReduceKernel<float*, float*, int=256, tensorflow::functor::Sum<float>>>::value_type)",4376,dram_write_transactions,Device,Memory,Write,Transactions,0,48,21,91896
"    Kernel: void scal_kernel<float2, float2, int=1, bool=1, int=6, int=4, int=4, int=4>(cublasTransposeParams<float2>, float2 const *, float2*, float2 const *)",144,dram_write_transactions,Device,Memory,Write,Transactions,0,1904,13,1872
"    Kernel: void fft2d_r2c_32x32<float, bool=0, unsigned int=1, bool=1>(float2*, float const *, int, int, int, int, int, int, int, int, int, cudnn::reduced_divisor, bool, int2, int, int)",10,dram_write_transactions,Device,Memory,Write,Transactions,24388,35650021,9473368,94733680
    Kernel: cudnn_maxwell_cgemm_64x64_nt_batched,2,dram_write_transactions,Device,Memory,Write,Transactions,84946,348738,216842,433684
,,,,,,,,,,19059426825
