"    Kernel: void gemv2T_kernel_val<float, float, float, int=128, int=16, int=2, int=2, bool=0, cublasGemvParams<cublasGemvTensor<float const >, cublasGemvTensor<float>, float>>(float, float, float const )",700,achieved_occupancy,Achieved,Occupancy,0.805375,0.822014,0.814349
"    Kernel: void cudnn::winograd_nonfused::winogradForwardOutput4x4<float, float>(cudnn::winograd_nonfused::WinogradOutputParams<float, float>)",2,achieved_occupancy,Achieved,Occupancy,0.463912,0.466708,0.465310
"    Kernel: void Eigen::internal::EigenMetaKernel<Eigen::TensorEvaluator<Eigen::TensorAssignOp<Eigen::TensorMap<Eigen::Tensor<float, int=5, int=1, int>, int=16, Eigen::MakePointer>, Eigen::TensorBroadcastingOp<Eigen::array<int, unsigned long=5> const , Eigen::TensorMap<Eigen::Tensor<float const , int=5, int=1, int>, int=16, Eigen::MakePointer> const > const > const , Eigen::GpuDevice>, int>(float, int=5)",700,achieved_occupancy,Achieved,Occupancy,0.490114,0.491977,0.491206
"    Kernel: void flip_filter<float, float>(float*, float const *, int, int, int, int)",3,achieved_occupancy,Achieved,Occupancy,0.125511,0.167499,0.153075
"    Kernel: void Eigen::internal::EigenMetaKernel<Eigen::TensorEvaluator<Eigen::TensorAssignOp<Eigen::TensorMap<Eigen::Tensor<float, int=4, int=1, int>, int=16, Eigen::MakePointer>, Eigen::TensorCwiseBinaryOp<Eigen::internal::scalar_quotient_op<float, float>, Eigen::TensorBroadcastingOp<Eigen::array<long, unsigned long=4> const , Eigen::TensorMap<Eigen::Tensor<float const , int=4, int=1, int>, int=16, Eigen::MakePointer> const > const , Eigen::TensorBroadcastingOp<Eigen::array<long, unsigned long=4> const , Eigen::TensorMap<Eigen::Tensor<float const , int=4, int=1, int>, int=16, Eigen::MakePointer> const > const > const > const , Eigen::GpuDevice>, int>(float, int=4)",700,achieved_occupancy,Achieved,Occupancy,0.491334,0.494814,0.493750
    Kernel: maxwell_gcgemm_32x32_nt,7,achieved_occupancy,Achieved,Occupancy,0.240749,0.246161,0.243097
    Kernel: maxwell_sgemm_128x64_nn,4202,achieved_occupancy,Achieved,Occupancy,0.207213,0.245059,0.225667
"    Kernel: void Eigen::internal::EigenMetaKernel<Eigen::TensorEvaluator<Eigen::TensorAssignOp<Eigen::TensorMap<Eigen::Tensor<float, int=2, int=1, int>, int=16, Eigen::MakePointer>, Eigen::TensorCwiseBinaryOp<Eigen::internal::scalar_sum_op<float, float>, Eigen::TensorBroadcastingOp<Eigen::array<long, unsigned long=2> const , Eigen::TensorMap<Eigen::Tensor<float const , int=2, int=1, int>, int=16, Eigen::MakePointer> const > const , Eigen::TensorMap<Eigen::Tensor<float const , int=2, int=1, int>, int=16, Eigen::MakePointer> const > const > const , Eigen::GpuDevice>, int>(float, int=2)",1600,achieved_occupancy,Achieved,Occupancy,0.211096,0.845027,0.684943
"    Kernel: void tensorflow::functor::ColumnReduceSimpleKernel<float*, float*, tensorflow::functor::Sum<float>>(float*, float*, int, int, int, float)",1400,achieved_occupancy,Achieved,Occupancy,0.062413,0.860467,0.447952
"    Kernel: void Eigen::internal::EigenMetaKernel<Eigen::TensorEvaluator<Eigen::TensorAssignOp<Eigen::TensorMap<Eigen::Tensor<float, int=2, int=1, int>, int=16, Eigen::MakePointer>, Eigen::TensorCwiseBinaryOp<Eigen::internal::scalar_product_op<float, float>, Eigen::TensorMap<Eigen::Tensor<float const , int=2, int=1, int>, int=16, Eigen::MakePointer> const , Eigen::TensorBroadcastingOp<Eigen::array<long, unsigned long=2> const , Eigen::TensorMap<Eigen::Tensor<float const , int=2, int=1, int>, int=16, Eigen::MakePointer> const > const > const > const , Eigen::GpuDevice>, int>(float, int=2)",4200,achieved_occupancy,Achieved,Occupancy,0.668916,0.771207,0.704674
"    Kernel: void Eigen::internal::EigenMetaKernel<Eigen::TensorEvaluator<Eigen::TensorAssignOp<Eigen::TensorMap<Eigen::Tensor<float, int=1, int=1, int>, int=16, Eigen::MakePointer>, Eigen::TensorCwiseUnaryOp<Eigen::internal::scalar_sin_op<float>, Eigen::TensorMap<Eigen::Tensor<float const , int=1, int=1, int>, int=16, Eigen::MakePointer> const > const > const , Eigen::GpuDevice>, int>(float, int=1)",2100,achieved_occupancy,Achieved,Occupancy,0.421929,0.944156,0.614613
"    Kernel: void Eigen::internal::EigenMetaKernel<Eigen::TensorEvaluator<Eigen::TensorAssignOp<Eigen::TensorMap<Eigen::Tensor<float, int=1, int=1, int>, int=16, Eigen::MakePointer>, Eigen::TensorCwiseBinaryOp<Eigen::internal::scalar_product_op<float, float>, Eigen::TensorMap<Eigen::Tensor<float const , int=1, int=1, int>, int=16, Eigen::MakePointer> const , Eigen::TensorMap<Eigen::Tensor<float const , int=1, int=1, long>, int=16, Eigen::MakePointer> const > const > const , Eigen::GpuDevice>, long>(float, int=1)",18900,achieved_occupancy,Achieved,Occupancy,0.405391,0.819045,0.540415
"    Kernel: void cudnn::detail::explicit_convolve_sgemm<float, int, int=1024, int=5, int=5, int=3, int=3, int=3, int=0, bool=1>(int, int, int, float const *, int, float const , int, cudnn::detail::explicit_convolve_sgemm<float, int, int=1024, int=5, int=5, int=3, int=3, int=3, int=0, bool=1>*, kernel_conv_params, int, int, float, float, int, float const *, float const *)",1,achieved_occupancy,Achieved,Occupancy,0.332440,0.332440,0.332440
"    Kernel: void Eigen::internal::EigenMetaKernel<Eigen::TensorEvaluator<Eigen::TensorAssignOp<Eigen::TensorMap<Eigen::Tensor<float, int=1, int=1, long>, int=16, Eigen::MakePointer>, Eigen::TensorSelectOp<Eigen::TensorCwiseBinaryOp<Eigen::internal::scalar_cmp_op<float const , float const , Eigen::internal::ComparisonName>, Eigen::TensorMap<Eigen::Tensor<float const , int=1, int=1, long>, int=16, Eigen::MakePointer> const , Eigen::TensorCwiseNullaryOp<Eigen::internal::scalar_constant_op<float const >, Eigen::TensorMap<Eigen::Tensor<float const , int=1, int=1, long>, int=16, Eigen::MakePointer> const > const > const , Eigen::TensorMap<Eigen::Tensor<float const , int=1, int=1, long>, int=16, Eigen::MakePointer> const , Eigen::TensorSelectOp<Eigen::TensorCwiseBinaryOp<Eigen::internal::scalar_cmp_op<float const , float const , Eigen::internal::ComparisonName>, Eigen::TensorMap<Eigen::Tensor<float const , int=1, int=1, long>, int=16, Eigen::MakePointer> const , Eigen::TensorCwiseNullaryOp<Eigen::internal::scalar_constant_op<float const >, Eigen::TensorMap<Eigen::Tensor<float const , int=1, int=1, long>, int=16, Eigen::MakePointer> const > const > const , Eigen::TensorCwiseUnaryOp<Eigen::internal::scalar_exp_op<float const >, Eigen::TensorMap<Eigen::Tensor<float const , int=1, int=1, long>, int=16, Eigen::MakePointer> const > const , Eigen::TensorCwiseUnaryOp<Eigen::internal::scalar_log_op<float>, Eigen::TensorCwiseBinaryOp<Eigen::internal::scalar_sum_op<float, float>, Eigen::TensorCwiseUnaryOp<Eigen::internal::scalar_exp_op<float const >, Eigen::TensorMap<Eigen::Tensor<float const , int=1, int=1, long>, int=16, Eigen::MakePointer> const > const , Eigen::TensorCwiseNullaryOp<Eigen::internal::scalar_constant_op<float const >, Eigen::TensorMap<Eigen::Tensor<float const , int=1, int=1, long>, int=16, Eigen::MakePointer> const > const > const > const > const > const > const , Eigen::GpuDevice>, long>(float, int=1)",700,achieved_occupancy,Achieved,Occupancy,0.908256,0.940719,0.925900
"    Kernel: void Eigen::internal::EigenMetaKernel<Eigen::TensorEvaluator<Eigen::TensorAssignOp<Eigen::TensorMap<Eigen::Tensor<float, int=1, int=1, int>, int=16, Eigen::MakePointer>, Eigen::TensorCwiseUnaryOp<Eigen::internal::scalar_left<float, float, Eigen::internal::scalar_sum_op<float, float>, bool=0>, Eigen::TensorMap<Eigen::Tensor<float const , int=1, int=1, int>, int=16, Eigen::MakePointer> const > const > const , Eigen::GpuDevice>, int>(float, int=1)",8500,achieved_occupancy,Achieved,Occupancy,0.378035,0.624927,0.472712
"    Kernel: void cudnn::detail::explicit_convolve_sgemm<float, int, int=128, int=6, int=7, int=3, int=3, int=5, int=0, bool=1>(int, int, int, float const *, int, float const , int, cudnn::detail::explicit_convolve_sgemm<float, int, int=128, int=6, int=7, int=3, int=3, int=5, int=0, bool=1>*, kernel_conv_params, int, int, float, float, int, float const *, float const *)",2,achieved_occupancy,Achieved,Occupancy,0.348305,0.350378,0.349342
"    Kernel: void Eigen::internal::EigenMetaKernel<Eigen::TensorEvaluator<Eigen::TensorAssignOp<Eigen::TensorMap<Eigen::Tensor<float, int=3, int=1, int>, int=16, Eigen::MakePointer>, Eigen::TensorCwiseBinaryOp<Eigen::internal::scalar_product_op<float, float>, Eigen::TensorBroadcastingOp<Eigen::array<long, unsigned long=3> const , Eigen::TensorMap<Eigen::Tensor<float const , int=3, int=1, int>, int=16, Eigen::MakePointer> const > const , Eigen::TensorBroadcastingOp<Eigen::array<long, unsigned long=3> const , Eigen::TensorMap<Eigen::Tensor<float const , int=3, int=1, int>, int=16, Eigen::MakePointer> const > const > const > const , Eigen::GpuDevice>, int>(float, int=3)",1400,achieved_occupancy,Achieved,Occupancy,0.881320,0.937249,0.912614
"    Kernel: void Eigen::internal::EigenMetaKernel<Eigen::TensorEvaluator<Eigen::TensorAssignOp<Eigen::TensorMap<Eigen::Tensor<float, int=3, int=1, int>, int=16, Eigen::MakePointer>, Eigen::TensorSlicingOp<Eigen::DSizes<int, int=3> const , Eigen::DSizes<int, int=3> const , Eigen::TensorMap<Eigen::Tensor<float const , int=3, int=1, int>, int=16, Eigen::MakePointer> const > const > const , Eigen::GpuDevice>, int>(float, int=3)",700,achieved_occupancy,Achieved,Occupancy,0.852820,0.893004,0.863682
"    Kernel: void Eigen::internal::EigenMetaKernel<Eigen::TensorEvaluator<Eigen::TensorAssignOp<Eigen::TensorMap<Eigen::Tensor<float, int=1, int=1, long>, int=16, Eigen::MakePointer>, Eigen::TensorCwiseBinaryOp<Eigen::internal::scalar_sum_op<float const , float const >, Eigen::TensorMap<Eigen::Tensor<float const , int=1, int=1, long>, int=16, Eigen::MakePointer> const , Eigen::TensorMap<Eigen::Tensor<float const , int=1, int=1, long>, int=16, Eigen::MakePointer> const > const > const , Eigen::GpuDevice>, long>(float, int=1)",1400,achieved_occupancy,Achieved,Occupancy,0.430556,0.586508,0.505908
    Kernel: cudnn::maxwell::gemm::computeOffsetsKernel(cudnn::maxwell::gemm::ComputeOffsetsParams),705,achieved_occupancy,Achieved,Occupancy,0.035410,0.062375,0.062193
"    Kernel: void tensorflow::functor::BlockReduceKernel<float*, tensorflow::TransformOutputIterator<float, float, tensorflow::functor::DividesBy<float, float>, long>, int=256, tensorflow::functor::Sum<float>>(float*, float, int, float, std::iterator_traits<tensorflow::functor::BlockReduceKernel<float*, tensorflow::TransformOutputIterator<float, float, tensorflow::functor::DividesBy<float, float>, long>, int=256, tensorflow::functor::Sum<float>>>::value_type)",1400,achieved_occupancy,Achieved,Occupancy,0.097682,0.109590,0.106011
"    Kernel: void gemv2N_kernel_val<float, float, float, int=128, int=8, int=4, int=4, int=1, cublasGemvParams<cublasGemvTensorBatched<float const >, cublasGemvTensorBatched<float>, float>>(float, float, float const )",2800,achieved_occupancy,Achieved,Occupancy,0.476277,0.492948,0.485228
"    Kernel: void Eigen::internal::EigenMetaKernel<Eigen::TensorEvaluator<Eigen::TensorAssignOp<Eigen::TensorMap<Eigen::Tensor<float, int=1, int=1, int>, int=16, Eigen::MakePointer>, Eigen::TensorCwiseUnaryOp<Eigen::internal::scalar_logistic_op<float>, Eigen::TensorMap<Eigen::Tensor<float const , int=1, int=1, int>, int=16, Eigen::MakePointer> const > const > const , Eigen::GpuDevice>, int>(float, int=1)",7700,achieved_occupancy,Achieved,Occupancy,0.392951,0.604584,0.472932
"    Kernel: void Eigen::internal::EigenMetaKernel<Eigen::TensorEvaluator<Eigen::TensorAssignOp<Eigen::TensorMap<Eigen::Tensor<float, int=2, int=1, int>, int=16, Eigen::MakePointer>, Eigen::TensorCwiseBinaryOp<Eigen::internal::scalar_sum_op<float, float>, Eigen::TensorMap<Eigen::Tensor<float const , int=2, int=1, int>, int=16, Eigen::MakePointer> const , Eigen::TensorBroadcastingOp<Eigen::array<long, unsigned long=2> const , Eigen::TensorMap<Eigen::Tensor<float const , int=2, int=1, int>, int=16, Eigen::MakePointer> const > const > const > const , Eigen::GpuDevice>, int>(float, int=2)",23600,achieved_occupancy,Achieved,Occupancy,0.274277,0.940676,0.695195
"    Kernel: void Eigen::internal::EigenMetaKernel<Eigen::TensorEvaluator<Eigen::TensorAssignOp<Eigen::TensorMap<Eigen::Tensor<float, int=1, int=1, long>, int=16, Eigen::MakePointer>, Eigen::TensorCwiseBinaryOp<Eigen::internal::scalar_max_op<float const , float const >, Eigen::TensorMap<Eigen::Tensor<float const , int=1, int=1, long>, int=16, Eigen::MakePointer> const , Eigen::TensorCwiseNullaryOp<Eigen::internal::scalar_constant_op<float const >, Eigen::TensorMap<Eigen::Tensor<float const , int=1, int=1, long>, int=16, Eigen::MakePointer> const > const > const > const , Eigen::GpuDevice>, long>(float, int=1)",7000,achieved_occupancy,Achieved,Occupancy,0.678579,0.977017,0.797185
"    Kernel: void tensorflow::_GLOBAL__N__64_tmpxft_00066e33_00000000_12_softmax_op_gpu_cu_compute_75_cpp1_ii_d41ce5d8::GenerateNormalizedProb<float, float>(float const *, float const *, float const , tensorflow::_GLOBAL__N__64_tmpxft_00066e33_00000000_12_softmax_op_gpu_cu_compute_75_cpp1_ii_d41ce5d8::GenerateNormalizedProb<float, float>*, int, int, bool)",4200,achieved_occupancy,Achieved,Occupancy,0.639390,0.753042,0.712704
    Kernel: redzone_checker,98,achieved_occupancy,Achieved,Occupancy,0.735237,0.744915,0.741203
    Kernel: maxwell_scudnn_winograd_128x128_ldg1_ldg4_tile418n_nt,1,achieved_occupancy,Achieved,Occupancy,0.245017,0.245017,0.245017
"    Kernel: void cudnn::detail::implicit_convolve_sgemm<float, float, int=128, int=6, int=7, int=3, int=3, int=5, int=1, bool=1, bool=0, bool=1>(int, int, int, float const *, int, float*, cudnn::detail::implicit_convolve_sgemm<float, float, int=128, int=6, int=7, int=3, int=3, int=5, int=1, bool=1, bool=0, bool=1>*, kernel_conv_params, int, float, float, int, float, float, int, int)",2104,achieved_occupancy,Achieved,Occupancy,0.179655,0.474040,0.319631
"    Kernel: void Eigen::internal::EigenMetaKernel<Eigen::TensorEvaluator<Eigen::TensorAssignOp<Eigen::TensorMap<Eigen::Tensor<float, int=1, int=1, int>, int=16, Eigen::MakePointer>, Eigen::TensorCwiseUnaryOp<Eigen::internal::scalar_right<float, float, Eigen::internal::scalar_product_op<float, float>, bool=0>, Eigen::TensorMap<Eigen::Tensor<float const , int=1, int=1, int>, int=16, Eigen::MakePointer> const > const > const , Eigen::GpuDevice>, int>(float, int=1)",500,achieved_occupancy,Achieved,Occupancy,0.434616,0.897191,0.531999
"    Kernel: void tensorflow::_GLOBAL__N__63_tmpxft_0004b446_00000000_12_split_lib_gpu_cu_compute_75_cpp1_ii_cafee591::SplitOpKernel<float>(float const *, int, int, int, tensorflow::GpuDeviceArrayStruct<tensorflow::_GLOBAL__N__63_tmpxft_0004b446_00000000_12_split_lib_gpu_cu_compute_75_cpp1_ii_cafee591::SplitOpKernel<float>*, int=8>)",2100,achieved_occupancy,Achieved,Occupancy,0.410973,0.492841,0.462601
"    Kernel: void Eigen::internal::EigenMetaKernel<Eigen::TensorEvaluator<Eigen::TensorAssignOp<Eigen::TensorMap<Eigen::Tensor<float, int=1, int=1, int>, int=16, Eigen::MakePointer>, Eigen::TensorCwiseBinaryOp<Eigen::internal::scalar_squared_difference_op<float>, Eigen::TensorMap<Eigen::Tensor<float const , int=1, int=1, int>, int=16, Eigen::MakePointer> const , Eigen::TensorMap<Eigen::Tensor<float const , int=1, int=1, long>, int=16, Eigen::MakePointer> const > const > const , Eigen::GpuDevice>, long>(float, int=1)",700,achieved_occupancy,Achieved,Occupancy,0.883004,0.917600,0.900810
"    Kernel: void cudnn::detail::explicit_convolve_sgemm<float, int, int=128, int=5, int=5, int=3, int=3, int=3, int=0, bool=1>(int, int, int, float const *, int, float const , int, cudnn::detail::explicit_convolve_sgemm<float, int, int=128, int=5, int=5, int=3, int=3, int=3, int=0, bool=1>*, kernel_conv_params, int, int, float, float, int, float const *, float const *)",2,achieved_occupancy,Achieved,Occupancy,0.456424,0.467221,0.461823
    Kernel: maxwell_sgemm_128x64_tn,2800,achieved_occupancy,Achieved,Occupancy,0.219656,0.222960,0.221080
"    Kernel: void Eigen::internal::EigenMetaKernel<Eigen::TensorEvaluator<Eigen::TensorAssignOp<Eigen::TensorMap<Eigen::Tensor<float, int=3, int=1, int>, int=16, Eigen::MakePointer>, Eigen::TensorBroadcastingOp<Eigen::array<int, unsigned long=3> const , Eigen::TensorMap<Eigen::Tensor<float const , int=3, int=1, int>, int=16, Eigen::MakePointer> const > const > const , Eigen::GpuDevice>, int>(float, int=3)",700,achieved_occupancy,Achieved,Occupancy,0.832430,0.905152,0.887296
"    Kernel: void fft2d_r2c_32x32<float, bool=0, unsigned int=0, bool=0>(float2*, float const *, int, int, int, int, int, int, int, int, int, cudnn::reduced_divisor, bool, int2, int, int)",5,achieved_occupancy,Achieved,Occupancy,0.224995,0.469214,0.274047
"    Kernel: void cudnn::detail::implicit_convolve_sgemm<float, float, int=1024, int=5, int=5, int=3, int=3, int=3, int=1, bool=1, bool=0, bool=1>(int, int, int, float const *, int, float*, cudnn::detail::implicit_convolve_sgemm<float, float, int=1024, int=5, int=5, int=3, int=3, int=3, int=1, bool=1, bool=0, bool=1>*, kernel_conv_params, int, float, float, int, float, float, int, int)",701,achieved_occupancy,Achieved,Occupancy,0.517150,0.520542,0.518989
"    Kernel: void fft1d_r2c_32<float, float, float2, bool=0, bool=0>(float2*, float const *, int, int3, int3, int2, int2)",1,achieved_occupancy,Achieved,Occupancy,0.304658,0.304658,0.304658
"    Kernel: void fft1d_r2c_32<float, float, float2, bool=1, bool=0>(float2*, float const *, int, int3, int3, int2, int2)",1,achieved_occupancy,Achieved,Occupancy,0.324303,0.324303,0.324303
"    Kernel: void tensorflow::functor::RowReduceKernel<float*, float*, cub::Max>(float*, float*, int, int, cub::Max, std::iterator_traits<tensorflow::functor::RowReduceKernel<float*, float*, cub::Max>>::value_type)",700,achieved_occupancy,Achieved,Occupancy,0.694883,0.719438,0.705497
"    Kernel: void Eigen::internal::EigenMetaKernel<Eigen::TensorEvaluator<Eigen::TensorAssignOp<Eigen::TensorMap<Eigen::Tensor<float, int=2, int=1, int>, int=16, Eigen::MakePointer>, Eigen::TensorCwiseBinaryOp<Eigen::internal::scalar_quotient_op<float, float>, Eigen::TensorBroadcastingOp<Eigen::array<long, unsigned long=2> const , Eigen::TensorMap<Eigen::Tensor<float const , int=2, int=1, int>, int=16, Eigen::MakePointer> const > const , Eigen::TensorBroadcastingOp<Eigen::array<long, unsigned long=2> const , Eigen::TensorMap<Eigen::Tensor<float const , int=2, int=1, int>, int=16, Eigen::MakePointer> const > const > const > const , Eigen::GpuDevice>, int>(float, int=2)",700,achieved_occupancy,Achieved,Occupancy,0.908590,0.946606,0.932410
"    Kernel: void tensorflow::functor::RowReduceKernel<float*, float*, tensorflow::functor::Sum<float>>(float*, float*, int, int, float, std::iterator_traits<tensorflow::functor::RowReduceKernel<float*, float*, tensorflow::functor::Sum<float>>>::value_type)",700,achieved_occupancy,Achieved,Occupancy,0.784525,0.799029,0.790577
"    Kernel: void im2col4d_kernel<float, int>(im2col4d_params, cudnnConvolutionStruct, cudnnTensor4dStruct, float const *, float*, int)",5,achieved_occupancy,Achieved,Occupancy,0.243930,0.652383,0.428337
"    Kernel: void Eigen::internal::EigenMetaKernel<Eigen::TensorEvaluator<Eigen::TensorAssignOp<Eigen::TensorMap<Eigen::Tensor<float, int=2, int=1, int>, int=16, Eigen::MakePointer>, Eigen::TensorCwiseBinaryOp<Eigen::internal::scalar_difference_op<float, float>, Eigen::TensorBroadcastingOp<Eigen::array<long, unsigned long=2> const , Eigen::TensorMap<Eigen::Tensor<float const , int=2, int=1, int>, int=16, Eigen::MakePointer> const > const , Eigen::TensorMap<Eigen::Tensor<float const , int=2, int=1, int>, int=16, Eigen::MakePointer> const > const > const , Eigen::GpuDevice>, int>(float, int=2)",4200,achieved_occupancy,Achieved,Occupancy,0.657601,0.740157,0.689774
"    Kernel: void tensorflow::functor::RowReduceKernel<float*, tensorflow::TransformOutputIterator<float, float, tensorflow::functor::DividesBy<float, float>, long>, tensorflow::functor::Sum<float>>(float*, float, int, int, float, std::iterator_traits<tensorflow::functor::RowReduceKernel<float*, tensorflow::TransformOutputIterator<float, float, tensorflow::functor::DividesBy<float, float>, long>, tensorflow::functor::Sum<float>>>::value_type)",8400,achieved_occupancy,Achieved,Occupancy,0.635579,0.683468,0.644553
"    Kernel: void Eigen::internal::EigenMetaKernel<Eigen::TensorEvaluator<Eigen::TensorAssignOp<Eigen::TensorMap<Eigen::Tensor<float, int=1, int=1, int>, int=16, Eigen::MakePointer>, Eigen::TensorCwiseUnaryOp<Eigen::internal::scalar_rsqrt_op<float>, Eigen::TensorMap<Eigen::Tensor<float const , int=1, int=1, int>, int=16, Eigen::MakePointer> const > const > const , Eigen::GpuDevice>, int>(float, int=1)",4200,achieved_occupancy,Achieved,Occupancy,0.439297,0.471535,0.454142
    Kernel: sgemm_32x32x32_NN_vec,14000,achieved_occupancy,Achieved,Occupancy,0.151308,0.179013,0.163228
"    Kernel: void cudnn::winograd_nonfused::winogradForwardData4x4<float, float>(cudnn::winograd_nonfused::WinogradDataParams<float, float>)",2,achieved_occupancy,Achieved,Occupancy,0.420560,0.422005,0.421283
"    Kernel: void Eigen::internal::EigenMetaKernel<Eigen::TensorEvaluator<Eigen::TensorAssignOp<Eigen::TensorSlicingOp<Eigen::array<int, unsigned long=2> const , Eigen::array<int, unsigned long=2> const , Eigen::TensorMap<Eigen::Tensor<float, int=2, int=1, int>, int=16, Eigen::MakePointer>>, Eigen::TensorMap<Eigen::Tensor<float const , int=2, int=1, int>, int=16, Eigen::MakePointer> const > const , Eigen::GpuDevice>, int>(int, unsigned long=2)",22400,achieved_occupancy,Achieved,Occupancy,0.303412,0.944557,0.534675
"    Kernel: void fft2d_c2r_32x32<float, bool=1, bool=0, unsigned int=0, bool=0, bool=0>(float*, float2 const *, int, int, int, int, int, int, int, int, int, float, float, cudnn::reduced_divisor, bool, float*, float*, int2, int, int)",5,achieved_occupancy,Achieved,Occupancy,0.478459,0.482427,0.480422
"    Kernel: void fft2d_c2r_32x32<float, bool=0, bool=0, unsigned int=1, bool=0, bool=0>(float*, float2 const *, int, int, int, int, int, int, int, int, int, float, float, cudnn::reduced_divisor, bool, float*, float*, int2, int, int)",2,achieved_occupancy,Achieved,Occupancy,0.482556,0.485520,0.484038
"    Kernel: compute_gemm_pointers(float2**, float2 const *, int, float2 const *, int, float2 const *, int, int)",3,achieved_occupancy,Achieved,Occupancy,0.069311,0.071519,0.070062
    Kernel: sgemm_128x128x8_NN_vec,3500,achieved_occupancy,Achieved,Occupancy,0.193581,0.245222,0.220755
    Kernel: maxwell_cgemm_32x32_tn,3,achieved_occupancy,Achieved,Occupancy,0.298118,0.306181,0.300844
"    Kernel: void Eigen::internal::EigenMetaKernel<Eigen::TensorEvaluator<Eigen::TensorAssignOp<Eigen::TensorMap<Eigen::Tensor<float, int=2, int=1, int>, int=16, Eigen::MakePointer>, Eigen::TensorSlicingOp<Eigen::DSizes<long, int=2> const , Eigen::DSizes<long, int=2> const , Eigen::TensorMap<Eigen::Tensor<float const , int=2, int=1, int>, int=16, Eigen::MakePointer> const > const > const , Eigen::GpuDevice>, int>(float, int=2)",7000,achieved_occupancy,Achieved,Occupancy,0.355269,0.962246,0.696728
"    Kernel: void Eigen::internal::EigenMetaKernel<Eigen::TensorEvaluator<Eigen::TensorAssignOp<Eigen::TensorMap<Eigen::Tensor<float, int=1, int=1, int>, int=16, Eigen::MakePointer>, Eigen::TensorCwiseUnaryOp<Eigen::internal::scalar_right<float, float, Eigen::internal::scalar_difference_op<float, float>, bool=0>, Eigen::TensorMap<Eigen::Tensor<float const , int=1, int=1, int>, int=16, Eigen::MakePointer> const > const > const , Eigen::GpuDevice>, int>(float, int=1)",700,achieved_occupancy,Achieved,Occupancy,0.445802,0.468899,0.462503
"    Kernel: void tensorflow::functor::ShuffleInTensor3Simple<float, int=2, int=1, int=0, bool=0>(int, float const *, tensorflow::functor::Dimension<int=3>, tensorflow::functor::ShuffleInTensor3Simple<float, int=2, int=1, int=0, bool=0>*)",3500,achieved_occupancy,Achieved,Occupancy,0.333512,0.484462,0.451882
    Kernel: maxwell_scudnn_winograd_128x128_ldg1_ldg4_tile228n_nt,1,achieved_occupancy,Achieved,Occupancy,0.244030,0.244030,0.244030
"    Kernel: void fft1d_c2r_32<float2, float, float, bool=0, bool=1, bool=0, bool=0>(float*, float2 const *, int, int3, int3, int2, int, float, float, float*, float*)",1,achieved_occupancy,Achieved,Occupancy,0.320281,0.320281,0.320281
"    Kernel: void Eigen::internal::EigenMetaKernel<Eigen::TensorEvaluator<Eigen::TensorAssignOp<Eigen::TensorMap<Eigen::Tensor<float, int=1, int=1, long>, int=16, Eigen::MakePointer>, Eigen::TensorConversionOp<float, Eigen::TensorMap<Eigen::Tensor<bool const , int=1, int=1, long>, int=16, Eigen::MakePointer> const > const > const , Eigen::GpuDevice>, long>(float, int=1)",1400,achieved_occupancy,Achieved,Occupancy,0.312520,0.422422,0.373677
"    Kernel: void fft2d_r2c_16x16<float>(float2*, float const *, int, int, int, int, int, int, int, int)",6,achieved_occupancy,Achieved,Occupancy,0.694753,0.723848,0.701046
"    Kernel: void tensorflow::functor::RowReduceKernel<cub::TransformInputIterator<float, tensorflow::_GLOBAL__N__64_tmpxft_00066e33_00000000_12_softmax_op_gpu_cu_compute_75_cpp1_ii_d41ce5d8::SubtractAndExpFunctor<float, float>, cub::CountingInputIterator<int, long>, long>, float*, cub::Sum>(float, float, int, int, float, std::iterator_traits<tensorflow::functor::RowReduceKernel<cub::TransformInputIterator<float, tensorflow::_GLOBAL__N__64_tmpxft_00066e33_00000000_12_softmax_op_gpu_cu_compute_75_cpp1_ii_d41ce5d8::SubtractAndExpFunctor<float, float>, cub::CountingInputIterator<int, long>, long>, float*, cub::Sum>>::value_type)",4200,achieved_occupancy,Achieved,Occupancy,0.699500,0.777072,0.746582
"    Kernel: void Eigen::internal::EigenMetaKernel<Eigen::TensorEvaluator<Eigen::TensorAssignOp<Eigen::TensorMap<Eigen::Tensor<float, int=1, int=1, int>, int=16, Eigen::MakePointer>, Eigen::TensorCwiseUnaryOp<Eigen::internal::scalar_left<float, float, Eigen::internal::scalar_difference_op<float, float>, bool=0>, Eigen::TensorMap<Eigen::Tensor<float const , int=1, int=1, int>, int=16, Eigen::MakePointer> const > const > const , Eigen::GpuDevice>, int>(float, int=1)",1400,achieved_occupancy,Achieved,Occupancy,0.434897,0.470334,0.453044
"    Kernel: void Eigen::internal::EigenMetaKernel<Eigen::TensorEvaluator<Eigen::TensorAssignOp<Eigen::TensorMap<Eigen::Tensor<float, int=1, int=1, int>, int=16, Eigen::MakePointer>, Eigen::TensorSelectOp<Eigen::TensorMap<Eigen::Tensor<bool const , int=1, int=1, int>, int=16, Eigen::MakePointer> const , Eigen::TensorMap<Eigen::Tensor<float const , int=1, int=1, int>, int=16, Eigen::MakePointer> const , Eigen::TensorMap<Eigen::Tensor<float const , int=1, int=1, int>, int=16, Eigen::MakePointer> const > const > const , Eigen::GpuDevice>, int>(float, int=1)",1400,achieved_occupancy,Achieved,Occupancy,0.820412,0.883422,0.853703
"    Kernel: void Eigen::internal::EigenMetaKernel<Eigen::TensorEvaluator<Eigen::TensorAssignOp<Eigen::TensorMap<Eigen::Tensor<float, int=1, int=1, int>, int=16, Eigen::MakePointer>, Eigen::TensorCwiseUnaryOp<Eigen::internal::scalar_right<float, float, Eigen::internal::scalar_sum_op<float, float>, bool=0>, Eigen::TensorMap<Eigen::Tensor<float const , int=1, int=1, int>, int=16, Eigen::MakePointer> const > const > const , Eigen::GpuDevice>, int>(float, int=1)",4100,achieved_occupancy,Achieved,Occupancy,0.376455,0.611092,0.471278
"    Kernel: void fft2d_r2c_32x32<float, bool=0, unsigned int=1, bool=0>(float2*, float const *, int, int, int, int, int, int, int, int, int, cudnn::reduced_divisor, bool, int2, int, int)",2,achieved_occupancy,Achieved,Occupancy,0.471756,0.472410,0.472083
"    Kernel: void Eigen::internal::EigenMetaKernel<Eigen::TensorEvaluator<Eigen::TensorAssignOp<Eigen::TensorMap<Eigen::Tensor<float, int=2, int=1, int>, int=16, Eigen::MakePointer>, Eigen::TensorCwiseBinaryOp<Eigen::internal::scalar_product_op<float, float>, Eigen::TensorBroadcastingOp<Eigen::array<long, unsigned long=2> const , Eigen::TensorMap<Eigen::Tensor<float const , int=2, int=1, int>, int=16, Eigen::MakePointer> const > const , Eigen::TensorMap<Eigen::Tensor<float const , int=2, int=1, int>, int=16, Eigen::MakePointer> const > const > const , Eigen::GpuDevice>, int>(float, int=2)",2800,achieved_occupancy,Achieved,Occupancy,0.543917,0.766620,0.675363
"    Kernel: void Eigen::internal::EigenMetaKernel<Eigen::TensorEvaluator<Eigen::TensorAssignOp<Eigen::TensorMap<Eigen::Tensor<float, int=4, int=1, int>, int=16, Eigen::MakePointer>, Eigen::TensorBroadcastingOp<Eigen::array<int, unsigned long=4> const , Eigen::TensorMap<Eigen::Tensor<float const , int=4, int=1, int>, int=16, Eigen::MakePointer> const > const > const , Eigen::GpuDevice>, int>(float, int=4)",2800,achieved_occupancy,Achieved,Occupancy,0.485466,0.497119,0.493050
"    Kernel: void cudnn::winograd_nonfused::winogradForwardFilter4x4<float, float>(cudnn::winograd_nonfused::WinogradFilterParams<float, float>)",2,achieved_occupancy,Achieved,Occupancy,0.281937,0.284341,0.283139
"    Kernel: void Eigen::internal::EigenMetaKernel<Eigen::TensorEvaluator<Eigen::TensorAssignOp<Eigen::TensorMap<Eigen::Tensor<float, int=2, int=1, int>, int=16, Eigen::MakePointer>, Eigen::TensorCwiseBinaryOp<Eigen::internal::scalar_product_op<float, float>, Eigen::TensorBroadcastingOp<Eigen::array<long, unsigned long=2> const , Eigen::TensorMap<Eigen::Tensor<float const , int=2, int=1, int>, int=16, Eigen::MakePointer> const > const , Eigen::TensorBroadcastingOp<Eigen::array<long, unsigned long=2> const , Eigen::TensorMap<Eigen::Tensor<float const , int=2, int=1, int>, int=16, Eigen::MakePointer> const > const > const > const , Eigen::GpuDevice>, int>(float, int=2)",4200,achieved_occupancy,Achieved,Occupancy,0.662037,0.718109,0.695780
"    Kernel: void Eigen::internal::EigenMetaKernel<Eigen::TensorEvaluator<Eigen::TensorAssignOp<Eigen::TensorMap<Eigen::Tensor<float, int=5, int=1, int>, int=16, Eigen::MakePointer>, Eigen::TensorSlicingOp<Eigen::DSizes<int, int=5> const , Eigen::DSizes<int, int=5> const , Eigen::TensorMap<Eigen::Tensor<float const , int=5, int=1, int>, int=16, Eigen::MakePointer> const > const > const , Eigen::GpuDevice>, int>(float, int=5)",700,achieved_occupancy,Achieved,Occupancy,0.893472,0.927334,0.910652
"    Kernel: void Eigen::internal::EigenMetaKernel<Eigen::TensorEvaluator<Eigen::TensorAssignOp<Eigen::TensorMap<Eigen::Tensor<float, int=1, int=1, int>, int=16, Eigen::MakePointer>, Eigen::TensorCwiseBinaryOp<Eigen::internal::scalar_sum_op<float, float>, Eigen::TensorMap<Eigen::Tensor<float const , int=1, int=1, int>, int=16, Eigen::MakePointer> const , Eigen::TensorMap<Eigen::Tensor<float const , int=1, int=1, long>, int=16, Eigen::MakePointer> const > const > const , Eigen::GpuDevice>, long>(float, int=1)",14000,achieved_occupancy,Achieved,Occupancy,0.409367,0.827196,0.639997
"    Kernel: void Eigen::internal::EigenMetaKernel<Eigen::TensorEvaluator<Eigen::TensorAssignOp<Eigen::TensorMap<Eigen::Tensor<bool, int=1, int=1, int>, int=16, Eigen::MakePointer>, Eigen::TensorCwiseBinaryOp<Eigen::internal::equal_to<__int64>, Eigen::TensorMap<Eigen::Tensor<__int64 const , int=1, int=1, int>, int=16, Eigen::MakePointer> const , Eigen::TensorMap<Eigen::Tensor<__int64 const , int=1, int=1, long>, int=16, Eigen::MakePointer> const > const > const , Eigen::GpuDevice>, long>(bool, int=1)",1400,achieved_occupancy,Achieved,Occupancy,0.283853,0.353795,0.330931
"    Kernel: void tensorflow::BiasNCHWKernel<float>(int, float const *, float const , tensorflow::BiasNCHWKernel<float>*, int, int)",3500,achieved_occupancy,Achieved,Occupancy,0.466871,0.492540,0.483091
"    Kernel: void cudnn::winograd::generateWinogradTilesKernel<int=0, float, float>(cudnn::winograd::GenerateWinogradTilesParams<float, float>)",2,achieved_occupancy,Achieved,Occupancy,0.281338,0.281353,0.281345
    Kernel: maxwell_gcgemm_64x64_nt,1,achieved_occupancy,Achieved,Occupancy,0.247453,0.247453,0.247453
    Kernel: maxwell_scudnn_128x128_relu_interior_nn,705,achieved_occupancy,Achieved,Occupancy,0.124975,0.246265,0.245314
"    Kernel: void Eigen::internal::EigenMetaKernel<Eigen::TensorEvaluator<Eigen::TensorAssignOp<Eigen::TensorMap<Eigen::Tensor<float, int=3, int=1, int>, int=16, Eigen::MakePointer>, Eigen::TensorCwiseBinaryOp<Eigen::internal::scalar_difference_op<float, float>, Eigen::TensorBroadcastingOp<Eigen::array<long, unsigned long=3> const , Eigen::TensorMap<Eigen::Tensor<float const , int=3, int=1, int>, int=16, Eigen::MakePointer> const > const , Eigen::TensorBroadcastingOp<Eigen::array<long, unsigned long=3> const , Eigen::TensorMap<Eigen::Tensor<float const , int=3, int=1, int>, int=16, Eigen::MakePointer> const > const > const > const , Eigen::GpuDevice>, int>(float, int=3)",2800,achieved_occupancy,Achieved,Occupancy,0.647161,0.809534,0.766270
"    Kernel: void Eigen::internal::EigenMetaKernel<Eigen::TensorEvaluator<Eigen::TensorAssignOp<Eigen::TensorMap<Eigen::Tensor<bool, int=1, int=1, int>, int=16, Eigen::MakePointer>, Eigen::TensorCwiseUnaryOp<Eigen::internal::scalar_right<bool, float, Eigen::internal::less<float>, bool=0>, Eigen::TensorMap<Eigen::Tensor<float const , int=1, int=1, int>, int=16, Eigen::MakePointer> const > const > const , Eigen::GpuDevice>, int>(bool, int=1)",700,achieved_occupancy,Achieved,Occupancy,0.829217,0.850764,0.838744
"    Kernel: void Eigen::internal::EigenMetaKernel<Eigen::TensorEvaluator<Eigen::TensorAssignOp<Eigen::TensorMap<Eigen::Tensor<float, int=1, int=1, int>, int=16, Eigen::MakePointer>, Eigen::TensorCwiseUnaryOp<Eigen::internal::scalar_left<float, float, Eigen::internal::scalar_product_op<float, float>, bool=0>, Eigen::TensorMap<Eigen::Tensor<float const , int=1, int=1, int>, int=16, Eigen::MakePointer> const > const > const , Eigen::GpuDevice>, int>(float, int=1)",14200,achieved_occupancy,Achieved,Occupancy,0.402657,0.900458,0.526806
"    Kernel: void tensorflow::functor::RowReduceKernel<float const *, float*, cub::Max>(float const *, float*, int, int, cub::Max, std::iterator_traits<tensorflow::functor::RowReduceKernel<float const *, float*, cub::Max>>::value_type)",4200,achieved_occupancy,Achieved,Occupancy,0.635021,0.724536,0.691797
"    Kernel: void tensorflow::functor::SwapDimension1And2InTensor3UsingTiles<unsigned int, int=256, int=32, int=32, bool=0>(unsigned int const *, tensorflow::functor::Dimension<int=3>, tensorflow::functor::SwapDimension1And2InTensor3UsingTiles<unsigned int, int=256, int=32, int=32, bool=0>*)",5600,achieved_occupancy,Achieved,Occupancy,0.657841,0.944664,0.760105
"    Kernel: void tensorflow::functor::FillPhiloxRandomKernelLaunch<tensorflow::random::UniformDistribution<tensorflow::random::PhiloxRandom, float>>(tensorflow::random::PhiloxRandom, tensorflow::random::PhiloxRandomResultElementType*, __int64, tensorflow::functor::FillPhiloxRandomKernelLaunch<tensorflow::random::UniformDistribution<tensorflow::random::PhiloxRandom, float>>)",2100,achieved_occupancy,Achieved,Occupancy,0.711555,0.903445,0.780137
"    Kernel: void fft2d_c2r_16x16<float, bool=0>(float*, float2*, int, int, int, int, int, int, int, int, int, int, float, float, int, float*, float*)",3,achieved_occupancy,Achieved,Occupancy,0.940813,0.979920,0.957072
"    Kernel: void Eigen::internal::EigenMetaKernel<Eigen::TensorEvaluator<Eigen::TensorAssignOp<Eigen::TensorMap<Eigen::Tensor<float, int=2, int=1, int>, int=16, Eigen::MakePointer>, Eigen::TensorCwiseBinaryOp<Eigen::internal::scalar_difference_op<float, float>, Eigen::TensorMap<Eigen::Tensor<float const , int=2, int=1, int>, int=16, Eigen::MakePointer> const , Eigen::TensorBroadcastingOp<Eigen::array<long, unsigned long=2> const , Eigen::TensorMap<Eigen::Tensor<float const , int=2, int=1, int>, int=16, Eigen::MakePointer> const > const > const > const , Eigen::GpuDevice>, int>(float, int=2)",700,achieved_occupancy,Achieved,Occupancy,0.906212,0.929586,0.918447
"    Kernel: void Eigen::internal::EigenMetaKernel<Eigen::TensorEvaluator<Eigen::TensorAssignOp<Eigen::TensorMap<Eigen::Tensor<float, int=2, int=1, int>, int=16, Eigen::MakePointer>, Eigen::TensorCwiseBinaryOp<Eigen::internal::scalar_squared_difference_op<float>, Eigen::TensorBroadcastingOp<Eigen::array<long, unsigned long=2> const , Eigen::TensorMap<Eigen::Tensor<float const , int=2, int=1, int>, int=16, Eigen::MakePointer> const > const , Eigen::TensorBroadcastingOp<Eigen::array<long, unsigned long=2> const , Eigen::TensorMap<Eigen::Tensor<float const , int=2, int=1, int>, int=16, Eigen::MakePointer> const > const > const > const , Eigen::GpuDevice>, int>(float, int=2)",4200,achieved_occupancy,Achieved,Occupancy,0.677889,0.721565,0.702966
    Kernel: sgemm_32x32x32_NN,1400,achieved_occupancy,Achieved,Occupancy,0.062439,0.062454,0.062450
"    Kernel: void Eigen::internal::EigenMetaKernel<Eigen::TensorEvaluator<Eigen::TensorAssignOp<Eigen::TensorMap<Eigen::Tensor<__int64, int=1, int=1, long>, int=16, Eigen::MakePointer>, Eigen::TensorConversionOp<__int64, Eigen::TensorTupleReducerOp<Eigen::internal::ArgMaxTupleReducer<Eigen::Tuple<long, float>>, Eigen::array<long, unsigned long=1> const , Eigen::TensorMap<Eigen::Tensor<float const , int=2, int=1, long>, int=16, Eigen::MakePointer> const > const > const > const , Eigen::GpuDevice>, long>(__int64, int=1)",1400,achieved_occupancy,Achieved,Occupancy,0.138159,0.178464,0.144070
"    Kernel: void Eigen::internal::EigenMetaKernel<Eigen::TensorEvaluator<Eigen::TensorAssignOp<Eigen::TensorMap<Eigen::Tensor<float, int=1, int=1, int>, int=16, Eigen::MakePointer>, Eigen::TensorCwiseUnaryOp<Eigen::internal::scalar_log_op<float>, Eigen::TensorMap<Eigen::Tensor<float const , int=1, int=1, int>, int=16, Eigen::MakePointer> const > const > const , Eigen::GpuDevice>, int>(float, int=1)",1400,achieved_occupancy,Achieved,Occupancy,0.482316,0.856921,0.628673
"    Kernel: void Eigen::internal::EigenMetaKernel<Eigen::TensorEvaluator<Eigen::TensorAssignOp<Eigen::TensorMap<Eigen::Tensor<float, int=1, int=1, int>, int=16, Eigen::MakePointer>, Eigen::TensorCwiseUnaryOp<Eigen::internal::scalar_opposite_op<float>, Eigen::TensorMap<Eigen::Tensor<float const , int=1, int=1, int>, int=16, Eigen::MakePointer> const > const > const , Eigen::GpuDevice>, int>(float, int=1)",2100,achieved_occupancy,Achieved,Occupancy,0.395768,0.606206,0.479058
"    Kernel: void Eigen::internal::EigenMetaKernel<Eigen::TensorEvaluator<Eigen::TensorAssignOp<Eigen::TensorMap<Eigen::Tensor<float, int=1, int=1, int>, int=16, Eigen::MakePointer>, Eigen::TensorCwiseUnaryOp<Eigen::internal::scalar_cos_op<float>, Eigen::TensorMap<Eigen::Tensor<float const , int=1, int=1, int>, int=16, Eigen::MakePointer> const > const > const , Eigen::GpuDevice>, int>(float, int=1)",2100,achieved_occupancy,Achieved,Occupancy,0.392078,0.919424,0.593419
"    Kernel: void Eigen::internal::EigenMetaKernel<Eigen::TensorEvaluator<Eigen::TensorAssignOp<Eigen::TensorMap<Eigen::Tensor<float, int=1, int=1, int>, int=16, Eigen::MakePointer>, Eigen::TensorCwiseUnaryOp<Eigen::internal::scalar_tanh_op<float>, Eigen::TensorMap<Eigen::Tensor<float const , int=1, int=1, int>, int=16, Eigen::MakePointer> const > const > const , Eigen::GpuDevice>, int>(float, int=1)",6300,achieved_occupancy,Achieved,Occupancy,0.367578,0.915411,0.562548
"    Kernel: void fft2d_r2c_32x32<float, bool=0, unsigned int=1, bool=1>(float2*, float const *, int, int, int, int, int, int, int, int, int, cudnn::reduced_divisor, bool, int2, int, int)",4,achieved_occupancy,Achieved,Occupancy,0.248952,0.466692,0.411711
