"    Kernel: void cudnn::winograd_nonfused::winogradForwardOutput4x4<float, float>(cudnn::winograd_nonfused::WinogradOutputParams<float, float>)",4,dram_write_transactions,Device,Memory,Write,Transactions,40967,94409,66321,265284
"    Kernel: void flip_filter<float, float>(float*, float const *, int, int, int, int)",13,dram_write_transactions,Device,Memory,Write,Transactions,1912,303663,62813,816569
    Kernel: maxwell_gcgemm_32x32_nt,13,dram_write_transactions,Device,Memory,Write,Transactions,273529,6986267,1401553,18220189
    Kernel: maxwell_sgemm_128x64_nn,4,dram_write_transactions,Device,Memory,Write,Transactions,147775,293242,241514,966056
"    Kernel: void Eigen::internal::EigenMetaKernel<Eigen::TensorEvaluator<Eigen::TensorAssignOp<Eigen::TensorReshapingOp<Eigen::IndexList<int> const , Eigen::TensorMap<Eigen::Tensor<float, int=2, int=1, long>, int=16, Eigen::MakePointer>>, Eigen::TensorReductionOp<Eigen::internal::SumReducer<float>, Eigen::IndexList<Eigen::type2index<long=1>> const , Eigen::TensorCwiseUnaryOp<Eigen::internal::scalar_exp_op<float>, Eigen::TensorMap<Eigen::Tensor<float, int=2, int=1, long>, int=16, Eigen::MakePointer> const > const , Eigen::MakePointer> const > const , Eigen::GpuDevice>, long>(int, )",700,dram_write_transactions,Device,Memory,Write,Transactions,0,424,107,74900
"    Kernel: void cudnn::detail::explicit_convolve_sgemm<float, int, int=1024, int=5, int=5, int=3, int=3, int=3, int=0, bool=1>(int, int, int, float const *, int, float const , int, cudnn::detail::explicit_convolve_sgemm<float, int, int=1024, int=5, int=5, int=3, int=3, int=3, int=0, bool=1>*, kernel_conv_params, int, int, float, float, int, float const *, float const *)",2,dram_write_transactions,Device,Memory,Write,Transactions,25013,280964,152988,305976
    Kernel: maxwell_scudnn_128x64_relu_small_nn,1,dram_write_transactions,Device,Memory,Write,Transactions,88056,88056,88056,88056
"    Kernel: void Eigen::internal::EigenMetaKernel<Eigen::TensorEvaluator<Eigen::TensorAssignOp<Eigen::TensorMap<Eigen::Tensor<float, int=1, int=1, int>, int=16, Eigen::MakePointer>, Eigen::TensorCwiseUnaryOp<Eigen::internal::scalar_left<float, float, Eigen::internal::scalar_sum_op<float, float>, bool=0>, Eigen::TensorMap<Eigen::Tensor<float const , int=1, int=1, int>, int=16, Eigen::MakePointer> const > const > const , Eigen::GpuDevice>, int>(float, int=1)",54,dram_write_transactions,Device,Memory,Write,Transactions,504,294708,54218,2927772
"    Kernel: void Eigen::internal::EigenMetaKernel<Eigen::TensorEvaluator<Eigen::TensorEvalToOp<Eigen::TensorCwiseUnaryOp<Eigen::internal::scalar_log_op<float>, Eigen::TensorMap<Eigen::Tensor<float, int=2, int=1, long>, int=16, Eigen::MakePointer> const > const , Eigen::MakePointer> const , Eigen::GpuDevice>, long>(float, Eigen::internal::scalar_log_op<float>)",700,dram_write_transactions,Device,Memory,Write,Transactions,0,40,4,2800
"    Kernel: void cudnn::detail::explicit_convolve_sgemm<float, int, int=128, int=6, int=7, int=3, int=3, int=5, int=0, bool=1>(int, int, int, float const *, int, float const , int, cudnn::detail::explicit_convolve_sgemm<float, int, int=128, int=6, int=7, int=3, int=3, int=5, int=0, bool=1>*, kernel_conv_params, int, int, float, float, int, float const *, float const *)",702,dram_write_transactions,Device,Memory,Write,Transactions,19014,42218,24395,17125290
"    Kernel: void Eigen::internal::EigenMetaKernel<Eigen::TensorEvaluator<Eigen::TensorAssignOp<Eigen::TensorMap<Eigen::Tensor<float, int=1, int=1, long>, int=16, Eigen::MakePointer>, Eigen::TensorConversionOp<float, Eigen::TensorMap<Eigen::Tensor<int const , int=1, int=1, long>, int=16, Eigen::MakePointer> const > const > const , Eigen::GpuDevice>, long>(float, int=1)",1400,dram_write_transactions,Device,Memory,Write,Transactions,0,16,0,0
"    Kernel: void Eigen::internal::EigenMetaKernel<Eigen::TensorEvaluator<Eigen::TensorEvalToOp<Eigen::TensorCwiseBinaryOp<Eigen::internal::scalar_product_op<float const , float const >, Eigen::TensorBroadcastingOp<Eigen::array<long, unsigned long=2> const , Eigen::TensorMap<Eigen::Tensor<float const , int=2, int=1, long>, int=16, Eigen::MakePointer> const > const , Eigen::TensorCwiseBinaryOp<Eigen::internal::scalar_difference_op<float, float>, Eigen::TensorBroadcastingOp<Eigen::IndexList<Eigen::type2index<long=1>> const , Eigen::TensorForcedEvalOp<Eigen::TensorCwiseUnaryOp<Eigen::internal::scalar_log_op<float>, Eigen::TensorMap<Eigen::Tensor<float, int=2, int=1, long>, int=16, Eigen::MakePointer> const > const > const > const , Eigen::TensorMap<Eigen::Tensor<float, int=2, int=1, long>, int=16, Eigen::MakePointer> const > const > const , Eigen::MakePointer> const , Eigen::GpuDevice>, long>(float const , float const )",700,dram_write_transactions,Device,Memory,Write,Transactions,0,68,3,2100
    Kernel: maxwell_gcgemm_64x32_nt,3,dram_write_transactions,Device,Memory,Write,Transactions,1089815,1309811,1163876,3491628
"    Kernel: void tensorflow::BiasNHWCKernel<float>(int, float const *, float const , tensorflow::BiasNHWCKernel<float>*, int)",700,dram_write_transactions,Device,Memory,Write,Transactions,0,12,0,0
"    Kernel: void Eigen::internal::EigenMetaKernel<Eigen::TensorEvaluator<Eigen::TensorAssignOp<Eigen::TensorMap<Eigen::Tensor<bool, int=1, int=1, int>, int=16, Eigen::MakePointer>, Eigen::TensorCwiseUnaryOp<Eigen::internal::scalar_right<bool, bool, Eigen::internal::scalar_boolean_and_op, bool=0>, Eigen::TensorMap<Eigen::Tensor<bool const , int=1, int=1, int>, int=16, Eigen::MakePointer> const > const > const , Eigen::GpuDevice>, int>(bool, int=1)",70002,dram_write_transactions,Device,Memory,Write,Transactions,0,36,0,0
"    Kernel: void Eigen::internal::EigenMetaKernel<Eigen::TensorEvaluator<Eigen::TensorAssignOp<Eigen::TensorMap<Eigen::Tensor<float, int=3, int=1, int>, int=16, Eigen::MakePointer>, Eigen::TensorSlicingOp<Eigen::DSizes<long, int=3> const , Eigen::DSizes<long, int=3> const , Eigen::TensorMap<Eigen::Tensor<float const , int=3, int=1, int>, int=16, Eigen::MakePointer> const > const > const , Eigen::GpuDevice>, int>(float, int=3)",70000,dram_write_transactions,Device,Memory,Write,Transactions,0,210,69,4830000
"    Kernel: void tensorflow::functor::SwapDimension1And2InTensor3UsingTiles<unsigned int, int=1024, int=1024, int=2, bool=0>(unsigned int const *, tensorflow::functor::Dimension<int=3>, tensorflow::functor::SwapDimension1And2InTensor3UsingTiles<unsigned int, int=1024, int=1024, int=2, bool=0>*)",700,dram_write_transactions,Device,Memory,Write,Transactions,82337,84089,83556,58489200
    Kernel: cudnn::maxwell::gemm::computeOffsetsKernel(cudnn::maxwell::gemm::ComputeOffsetsParams),19,dram_write_transactions,Device,Memory,Write,Transactions,72,224,96,1824
"    Kernel: void Eigen::internal::EigenMetaKernel<Eigen::TensorEvaluator<Eigen::TensorAssignOp<Eigen::TensorMap<Eigen::Tensor<float, int=1, int=1, long>, int=16, Eigen::MakePointer>, Eigen::TensorReductionOp<Eigen::internal::SumReducer<float>, Eigen::IndexList<Eigen::type2index<long=1>> const , Eigen::TensorForcedEvalOp<Eigen::TensorCwiseBinaryOp<Eigen::internal::scalar_product_op<float const , float const >, Eigen::TensorBroadcastingOp<Eigen::array<long, unsigned long=2> const , Eigen::TensorMap<Eigen::Tensor<float const , int=2, int=1, long>, int=16, Eigen::MakePointer> const > const , Eigen::TensorCwiseBinaryOp<Eigen::internal::scalar_difference_op<float, float>, Eigen::TensorBroadcastingOp<Eigen::IndexList<Eigen::type2index<long=1>> const , Eigen::TensorForcedEvalOp<Eigen::TensorCwiseUnaryOp<Eigen::internal::scalar_log_op<float>, Eigen::TensorMap<Eigen::Tensor<float, int=2, int=1, long>, int=16, Eigen::MakePointer> const > const > const > const , Eigen::TensorMap<Eigen::Tensor<float, int=2, int=1, long>, int=16, Eigen::MakePointer> const > const > const > const , Eigen::MakePointer> const > const , Eigen::GpuDevice>, long>(float, int=1)",700,dram_write_transactions,Device,Memory,Write,Transactions,1180,2072,1408,985600
"    Kernel: void Eigen::internal::EigenMetaKernel<Eigen::TensorEvaluator<Eigen::TensorAssignOp<Eigen::TensorMap<Eigen::Tensor<float, int=1, int=1, long>, int=16, Eigen::MakePointer>, Eigen::TensorCwiseBinaryOp<Eigen::internal::scalar_max_op<float const , float const >, Eigen::TensorMap<Eigen::Tensor<float const , int=1, int=1, long>, int=16, Eigen::MakePointer> const , Eigen::TensorCwiseNullaryOp<Eigen::internal::scalar_constant_op<float const >, Eigen::TensorMap<Eigen::Tensor<float const , int=1, int=1, long>, int=16, Eigen::MakePointer> const > const > const > const , Eigen::GpuDevice>, long>(float, int=1)",34300,dram_write_transactions,Device,Memory,Write,Transactions,0,319766,68710,2356753000
"    Kernel: void tensorflow::_GLOBAL__N__64_tmpxft_00066e33_00000000_12_softmax_op_gpu_cu_compute_75_cpp1_ii_d41ce5d8::GenerateNormalizedProb<float, float>(float const *, float const *, float const , tensorflow::_GLOBAL__N__64_tmpxft_00066e33_00000000_12_softmax_op_gpu_cu_compute_75_cpp1_ii_d41ce5d8::GenerateNormalizedProb<float, float>*, int, int, bool)",700,dram_write_transactions,Device,Memory,Write,Transactions,0,16,1,700
"    Kernel: void cudnn::detail::implicit_convolve_sgemm<float, float, int=128, int=5, int=5, int=3, int=3, int=3, int=1, bool=1, bool=0, bool=1>(int, int, int, float const *, int, float*, cudnn::detail::implicit_convolve_sgemm<float, float, int=128, int=5, int=5, int=3, int=3, int=3, int=1, bool=1, bool=0, bool=1>*, kernel_conv_params, int, float, float, int, float, float, int, int)",15409,dram_write_transactions,Device,Memory,Write,Transactions,31,89991,44836,690877924
"    Kernel: void Eigen::internal::EigenMetaKernel<Eigen::TensorEvaluator<Eigen::TensorAssignOp<Eigen::TensorMap<Eigen::Tensor<float, int=1, int=1, long>, int=16, Eigen::MakePointer>, Eigen::TensorCwiseBinaryOp<Eigen::internal::scalar_sum_op<float const , float const >, Eigen::TensorMap<Eigen::Tensor<float, int=1, int=1, long>, int=16, Eigen::MakePointer> const , Eigen::TensorMap<Eigen::Tensor<float const , int=1, int=1, long>, int=16, Eigen::MakePointer> const > const > const , Eigen::GpuDevice>, long>(float, int=1)",1400,dram_write_transactions,Device,Memory,Write,Transactions,0,8,0,0
    Kernel: redzone_checker,340,dram_write_transactions,Device,Memory,Write,Transactions,23,50373,7779,2644860
    Kernel: maxwell_scudnn_winograd_128x128_ldg1_ldg4_tile418n_nt,3,dram_write_transactions,Device,Memory,Write,Transactions,72310,158358,119173,357519
"    Kernel: void cudnn::detail::bn_fw_inf_1C11_kernel_NCHW<float, float, bool=1, int=1>(float, cudnn::detail::bn_fw_inf_1C11_kernel_NCHW<float, float, bool=1, int=1>, cudnnTensorStruct, float const *, float, cudnnTensorStruct*, float, cudnn::detail::bn_fw_inf_1C11_kernel_NCHW<float, float, bool=1, int=1> const *, cudnn::detail::bn_fw_inf_1C11_kernel_NCHW<float, float, bool=1, int=1> const , cudnn::detail::bn_fw_inf_1C11_kernel_NCHW<float, float, bool=1, int=1> const , cudnn::detail::bn_fw_inf_1C11_kernel_NCHW<float, float, bool=1, int=1> const , cudnn::detail::bn_fw_inf_1C11_kernel_NCHW<float, float, bool=1, int=1>)",37100,dram_write_transactions,Device,Memory,Write,Transactions,0,325029,83152,3084939200
"    Kernel: void Eigen::internal::EigenMetaKernel<Eigen::TensorEvaluator<Eigen::TensorAssignOp<Eigen::TensorMap<Eigen::Tensor<float, int=1, int=1, int>, int=16, Eigen::MakePointer>, Eigen::TensorCwiseUnaryOp<Eigen::internal::scalar_right<float, float, Eigen::internal::scalar_product_op<float, float>, bool=0>, Eigen::TensorMap<Eigen::Tensor<float const , int=1, int=1, int>, int=16, Eigen::MakePointer> const > const > const , Eigen::GpuDevice>, int>(float, int=1)",24,dram_write_transactions,Device,Memory,Write,Transactions,496,296363,59400,1425600
"    Kernel: void cudnn::detail::implicit_convolve_sgemm<float, float, int=128, int=6, int=7, int=3, int=3, int=5, int=1, bool=1, bool=0, bool=1>(int, int, int, float const *, int, float*, cudnn::detail::implicit_convolve_sgemm<float, float, int=128, int=6, int=7, int=3, int=3, int=5, int=1, bool=1, bool=0, bool=1>*, kernel_conv_params, int, float, float, int, float, float, int, int)",7706,dram_write_transactions,Device,Memory,Write,Transactions,995,712030,227620,1754039720
"    Kernel: void tensorflow::_GLOBAL__N__69_tmpxft_0004ac8c_00000000_12_concat_lib_gpu_impl_cu_compute_75_cpp1_ii_4d892484::concat_fixed_kernel<float, int>(tensorflow::GpuDeviceArrayStruct<float const *, int=8>, int, int, int, tensorflow::GpuDeviceArrayStruct*)",2,dram_write_transactions,Device,Memory,Write,Transactions,2127519,12128937,7128228,14256456
"    Kernel: void Eigen::internal::EigenMetaKernel<Eigen::TensorEvaluator<Eigen::TensorAssignOp<Eigen::TensorReshapingOp<Eigen::IndexList<int> const , Eigen::TensorMap<Eigen::Tensor<float, int=2, int=1, long>, int=16, Eigen::MakePointer>>, Eigen::TensorReductionOp<Eigen::internal::MaxReducer<float>, Eigen::IndexList<Eigen::type2index<long=1>> const , Eigen::TensorBroadcastingOp<Eigen::array<long, unsigned long=2> const , Eigen::TensorMap<Eigen::Tensor<float const , int=2, int=1, long>, int=16, Eigen::MakePointer> const > const , Eigen::MakePointer> const > const , Eigen::GpuDevice>, long>(int, )",700,dram_write_transactions,Device,Memory,Write,Transactions,0,24,1,700
"    Kernel: void Eigen::internal::EigenMetaKernel<Eigen::TensorEvaluator<Eigen::TensorAssignOp<Eigen::TensorMap<Eigen::Tensor<float, int=2, int=1, long>, int=16, Eigen::MakePointer>, Eigen::TensorCwiseBinaryOp<Eigen::internal::scalar_difference_op<float, float>, Eigen::TensorCwiseBinaryOp<Eigen::internal::scalar_quotient_op<float, float>, Eigen::TensorCwiseUnaryOp<Eigen::internal::scalar_exp_op<float>, Eigen::TensorMap<Eigen::Tensor<float, int=2, int=1, long>, int=16, Eigen::MakePointer> const > const , Eigen::TensorBroadcastingOp<Eigen::IndexList<Eigen::type2index<long=1>> const , Eigen::TensorMap<Eigen::Tensor<float, int=2, int=1, long>, int=16, Eigen::MakePointer> const > const > const , Eigen::TensorBroadcastingOp<Eigen::array<long, unsigned long=2> const , Eigen::TensorMap<Eigen::Tensor<float const , int=2, int=1, long>, int=16, Eigen::MakePointer> const > const > const > const , Eigen::GpuDevice>, long>(float, int=2)",700,dram_write_transactions,Device,Memory,Write,Transactions,0,28,0,0
"    Kernel: void Eigen::internal::EigenMetaKernel<Eigen::TensorEvaluator<Eigen::TensorAssignOp<Eigen::TensorMap<Eigen::Tensor<float, int=1, int=1, int>, int=16, Eigen::MakePointer>, Eigen::TensorCwiseUnaryOp<Eigen::internal::scalar_right<float, float, Eigen::internal::div_no_nan_op<float>, bool=0>, Eigen::TensorMap<Eigen::Tensor<float const , int=1, int=1, int>, int=16, Eigen::MakePointer> const > const > const , Eigen::GpuDevice>, int>(float, int=1)",1400,dram_write_transactions,Device,Memory,Write,Transactions,0,12,0,0
"    Kernel: void cudnn::detail::explicit_convolve_sgemm<float, int, int=128, int=5, int=5, int=3, int=3, int=3, int=0, bool=1>(int, int, int, float const *, int, float const , int, cudnn::detail::explicit_convolve_sgemm<float, int, int=128, int=5, int=5, int=3, int=3, int=3, int=0, bool=1>*, kernel_conv_params, int, int, float, float, int, float const *, float const *)",16,dram_write_transactions,Device,Memory,Write,Transactions,14665,1038077,219759,3516144
"    Kernel: void fft2d_r2c_32x32<float, bool=0, unsigned int=0, bool=0>(float2*, float const *, int, int, int, int, int, int, int, int, int, cudnn::reduced_divisor, bool, int2, int, int)",4,dram_write_transactions,Device,Memory,Write,Transactions,31808,54119,41918,167672
"    Kernel: void cudnn::detail::implicit_convolve_sgemm<float, float, int=1024, int=5, int=5, int=3, int=3, int=3, int=1, bool=1, bool=0, bool=1>(int, int, int, float const *, int, float*, cudnn::detail::implicit_convolve_sgemm<float, float, int=1024, int=5, int=5, int=3, int=3, int=3, int=1, bool=1, bool=0, bool=1>*, kernel_conv_params, int, float, float, int, float, float, int, int)",13306,dram_write_transactions,Device,Memory,Write,Transactions,31,873531,264379,3517826974
"    Kernel: void fft1d_r2c_32<float, float, float2, bool=0, bool=0>(float2*, float const *, int, int3, int3, int2, int2)",9,dram_write_transactions,Device,Memory,Write,Transactions,272102,1740150,755487,6799383
"    Kernel: void fft1d_r2c_32<float, float, float2, bool=1, bool=0>(float2*, float const *, int, int3, int3, int2, int2)",9,dram_write_transactions,Device,Memory,Write,Transactions,16624,4455901,1316635,11849715
"    Kernel: void im2col4d_kernel<float, int>(im2col4d_params, cudnnConvolutionStruct, cudnnTensor4dStruct, float const *, float*, int)",720,dram_write_transactions,Device,Memory,Write,Transactions,30068,738196,107431,77350320
"    Kernel: void tensorflow::functor::RowReduceKernel<float*, tensorflow::TransformOutputIterator<float, float, tensorflow::functor::DividesBy<float, float>, long>, tensorflow::functor::Sum<float>>(float*, float, int, int, float, std::iterator_traits<tensorflow::functor::RowReduceKernel<float*, tensorflow::TransformOutputIterator<float, float, tensorflow::functor::DividesBy<float, float>, long>, tensorflow::functor::Sum<float>>>::value_type)",700,dram_write_transactions,Device,Memory,Write,Transactions,49756,52976,51599,36119300
"    Kernel: void cudnn::winograd_nonfused::winogradForwardData4x4<float, float>(cudnn::winograd_nonfused::WinogradDataParams<float, float>)",4,dram_write_transactions,Device,Memory,Write,Transactions,135374,294686,238094,952376
"    Kernel: void fft2d_c2r_32x32<float, bool=1, bool=0, unsigned int=0, bool=0, bool=0>(float*, float2 const *, int, int, int, int, int, int, int, int, int, float, float, cudnn::reduced_divisor, bool, float*, float*, int2, int, int)",4,dram_write_transactions,Device,Memory,Write,Transactions,130651,392918,246023,984092
"    Kernel: void fft2d_c2r_32x32<float, bool=0, bool=0, unsigned int=1, bool=0, bool=0>(float*, float2 const *, int, int, int, int, int, int, int, int, int, float, float, cudnn::reduced_divisor, bool, float*, float*, int2, int, int)",4,dram_write_transactions,Device,Memory,Write,Transactions,49706,107114,73626,294504
"    Kernel: compute_gemm_pointers(float2**, float2 const *, int, float2 const *, int, float2 const *, int, int)",8,dram_write_transactions,Device,Memory,Write,Transactions,272,384,334,2672
    Kernel: maxwell_cgemm_32x32_tn,727,dram_write_transactions,Device,Memory,Write,Transactions,319,3702739,19034,13837718
"    Kernel: void tensorflow::functor::ShuffleInTensor3Simple<float, int=2, int=1, int=0, bool=0>(int, float const *, tensorflow::functor::Dimension<int=3>, tensorflow::functor::ShuffleInTensor3Simple<float, int=2, int=1, int=0, bool=0>*)",37100,dram_write_transactions,Device,Memory,Write,Transactions,4,297383,52221,1937399100
"    Kernel: void fft1d_c2r_32<float2, float, float, bool=0, bool=1, bool=0, bool=0>(float*, float2 const *, int, int3, int3, int2, int, float, float, float*, float*)",9,dram_write_transactions,Device,Memory,Write,Transactions,32952,332008,121389,1092501
    Kernel: maxwell_scudnn_winograd_128x128_ldg1_ldg4_tile228n_nt,1,dram_write_transactions,Device,Memory,Write,Transactions,114361,114361,114361,114361
"    Kernel: void Eigen::internal::EigenMetaKernel<Eigen::TensorEvaluator<Eigen::TensorAssignOp<Eigen::TensorMap<Eigen::Tensor<float, int=1, int=1, long>, int=16, Eigen::MakePointer>, Eigen::TensorConversionOp<float, Eigen::TensorMap<Eigen::Tensor<bool const , int=1, int=1, long>, int=16, Eigen::MakePointer> const > const > const , Eigen::GpuDevice>, long>(float, int=1)",700,dram_write_transactions,Device,Memory,Write,Transactions,0,8,0,0
"    Kernel: void fft2d_r2c_16x16<float>(float2*, float const *, int, int, int, int, int, int, int, int)",26,dram_write_transactions,Device,Memory,Write,Transactions,142502,37740960,5146969,133821194
    Kernel: maxwell_scudnn_128x64_relu_interior_nn,3,dram_write_transactions,Device,Memory,Write,Transactions,86251,323023,165671,497013
"    Kernel: void tensorflow::functor::RowReduceKernel<cub::TransformInputIterator<float, tensorflow::_GLOBAL__N__64_tmpxft_00066e33_00000000_12_softmax_op_gpu_cu_compute_75_cpp1_ii_d41ce5d8::SubtractAndExpFunctor<float, float>, cub::CountingInputIterator<int, long>, long>, float*, cub::Sum>(float, float, int, int, float, std::iterator_traits<tensorflow::functor::RowReduceKernel<cub::TransformInputIterator<float, tensorflow::_GLOBAL__N__64_tmpxft_00066e33_00000000_12_softmax_op_gpu_cu_compute_75_cpp1_ii_d41ce5d8::SubtractAndExpFunctor<float, float>, cub::CountingInputIterator<int, long>, long>, float*, cub::Sum>>::value_type)",700,dram_write_transactions,Device,Memory,Write,Transactions,0,48,0,0
"    Kernel: void Eigen::internal::EigenMetaKernel<Eigen::TensorEvaluator<Eigen::TensorAssignOp<Eigen::TensorMap<Eigen::Tensor<float, int=2, int=1, long>, int=16, Eigen::MakePointer>, Eigen::TensorCwiseBinaryOp<Eigen::internal::scalar_difference_op<float const , float const >, Eigen::TensorBroadcastingOp<Eigen::array<long, unsigned long=2> const , Eigen::TensorMap<Eigen::Tensor<float const , int=2, int=1, long>, int=16, Eigen::MakePointer> const > const , Eigen::TensorBroadcastingOp<Eigen::IndexList<Eigen::type2index<long=1>> const , Eigen::TensorMap<Eigen::Tensor<float, int=2, int=1, long>, int=16, Eigen::MakePointer> const > const > const > const , Eigen::GpuDevice>, long>(float, int=2)",700,dram_write_transactions,Device,Memory,Write,Transactions,0,8,0,0
"    Kernel: void cudnn::detail::pooling_fw_4d_kernel<float, float, cudnn::detail::maxpooling_func<float, cudnnNanPropagation_t=0>, int=0, bool=0>(cudnnTensorStruct, float const *, cudnn::detail::pooling_fw_4d_kernel<float, float, cudnn::detail::maxpooling_func<float, cudnnNanPropagation_t=0>, int=0, bool=0>, cudnnTensorStruct*, cudnnPoolingStruct, float, cudnnPoolingStruct, int, cudnn::reduced_divisor, float)",700,dram_write_transactions,Device,Memory,Write,Transactions,104679,106433,105797,74057900
"    Kernel: void fft2d_r2c_32x32<float, bool=0, unsigned int=1, bool=0>(float2*, float const *, int, int, int, int, int, int, int, int, int, cudnn::reduced_divisor, bool, int2, int, int)",4,dram_write_transactions,Device,Memory,Write,Transactions,869403,6963367,3263524,13054096
    Kernel: maxwell_scudnn_128x128_relu_small_nn,2,dram_write_transactions,Device,Memory,Write,Transactions,46445,46905,46675,93350
"    Kernel: void cudnn::winograd_nonfused::winogradForwardFilter4x4<float, float>(cudnn::winograd_nonfused::WinogradFilterParams<float, float>)",4,dram_write_transactions,Device,Memory,Write,Transactions,14458,1171120,386068,1544272
"    Kernel: void Eigen::internal::EigenMetaKernel<Eigen::TensorEvaluator<Eigen::TensorAssignOp<Eigen::TensorMap<Eigen::Tensor<float, int=1, int=1, int>, int=16, Eigen::MakePointer>, Eigen::TensorCwiseBinaryOp<Eigen::internal::scalar_sum_op<float, float>, Eigen::TensorMap<Eigen::Tensor<float const , int=1, int=1, int>, int=16, Eigen::MakePointer> const , Eigen::TensorMap<Eigen::Tensor<float const , int=1, int=1, long>, int=16, Eigen::MakePointer> const > const > const , Eigen::GpuDevice>, long>(float, int=1)",11200,dram_write_transactions,Device,Memory,Write,Transactions,98265,319533,159186,1782883200
"    Kernel: void Eigen::internal::EigenMetaKernel<Eigen::TensorEvaluator<Eigen::TensorAssignOp<Eigen::TensorMap<Eigen::Tensor<bool, int=1, int=1, int>, int=16, Eigen::MakePointer>, Eigen::TensorCwiseBinaryOp<Eigen::internal::equal_to<__int64>, Eigen::TensorMap<Eigen::Tensor<__int64 const , int=1, int=1, int>, int=16, Eigen::MakePointer> const , Eigen::TensorMap<Eigen::Tensor<__int64 const , int=1, int=1, long>, int=16, Eigen::MakePointer> const > const > const , Eigen::GpuDevice>, long>(bool, int=1)",700,dram_write_transactions,Device,Memory,Write,Transactions,0,28,10,7000
"    Kernel: void tensorflow::BiasNCHWKernel<float>(int, float const *, float const , tensorflow::BiasNCHWKernel<float>*, int, int)",37100,dram_write_transactions,Device,Memory,Write,Transactions,0,322181,73735,2735568500
"    Kernel: void cudnn::winograd::generateWinogradTilesKernel<int=0, float, float>(cudnn::winograd::GenerateWinogradTilesParams<float, float>)",4,dram_write_transactions,Device,Memory,Write,Transactions,9092,523528,172874,691496
    Kernel: maxwell_gcgemm_64x64_nt,1,dram_write_transactions,Device,Memory,Write,Transactions,1750587,1750587,1750587,1750587
    Kernel: maxwell_scudnn_128x128_relu_interior_nn,13,dram_write_transactions,Device,Memory,Write,Transactions,44641,339968,126560,1645280
"    Kernel: void Eigen::internal::EigenMetaKernel<Eigen::TensorEvaluator<Eigen::TensorAssignOp<Eigen::TensorMap<Eigen::Tensor<float, int=1, int=1, int>, int=16, Eigen::MakePointer>, Eigen::TensorCwiseUnaryOp<Eigen::internal::scalar_left<float, float, Eigen::internal::scalar_product_op<float, float>, bool=0>, Eigen::TensorMap<Eigen::Tensor<float const , int=1, int=1, int>, int=16, Eigen::MakePointer> const > const > const , Eigen::GpuDevice>, int>(float, int=1)",30,dram_write_transactions,Device,Memory,Write,Transactions,284,294467,49913,1497390
"    Kernel: void Eigen::internal::EigenMetaKernel<Eigen::TensorEvaluator<Eigen::TensorAssignOp<Eigen::TensorMap<Eigen::Tensor<float, int=4, int=1, int>, int=16, Eigen::MakePointer>, Eigen::TensorPaddingOp<Eigen::array<Eigen::IndexPair<int>, unsigned long=4> const , Eigen::TensorMap<Eigen::Tensor<float const , int=4, int=1, int>, int=16, Eigen::MakePointer> const > const > const , Eigen::GpuDevice>, int>(float, int=4)",700,dram_write_transactions,Device,Memory,Write,Transactions,67344,68460,67877,47513900
"    Kernel: void tensorflow::functor::RowReduceKernel<float const *, float*, cub::Max>(float const *, float*, int, int, cub::Max, std::iterator_traits<tensorflow::functor::RowReduceKernel<float const *, float*, cub::Max>>::value_type)",700,dram_write_transactions,Device,Memory,Write,Transactions,0,8,0,0
"    Kernel: void Eigen::internal::EigenMetaKernel<Eigen::TensorEvaluator<Eigen::TensorAssignOp<Eigen::TensorMap<Eigen::Tensor<float, int=3, int=1, int>, int=16, Eigen::MakePointer>, Eigen::TensorPaddingOp<Eigen::array<Eigen::IndexPair<int>, unsigned long=3> const , Eigen::TensorMap<Eigen::Tensor<float const , int=3, int=1, int>, int=16, Eigen::MakePointer> const > const > const , Eigen::GpuDevice>, int>(float, int=3)",70700,dram_write_transactions,Device,Memory,Write,Transactions,0,388979,3858,272760600
    Kernel: maxwell_cgemm_64x32_tn,1,dram_write_transactions,Device,Memory,Write,Transactions,7400887,7400887,7400887,7400887
"    Kernel: void tensorflow::functor::FillPhiloxRandomKernelLaunch<tensorflow::random::UniformDistribution<tensorflow::random::PhiloxRandom, float>>(tensorflow::random::PhiloxRandom, tensorflow::random::PhiloxRandomResultElementType*, __int64, tensorflow::functor::FillPhiloxRandomKernelLaunch<tensorflow::random::UniformDistribution<tensorflow::random::PhiloxRandom, float>>)",54,dram_write_transactions,Device,Memory,Write,Transactions,1332,322676,72409,3910086
"    Kernel: void fft2d_c2r_16x16<float, bool=0>(float*, float2*, int, int, int, int, int, int, int, int, int, int, float, float, int, float*, float*)",13,dram_write_transactions,Device,Memory,Write,Transactions,29083,325869,95163,1237119
"    Kernel: void tensorflow::functor::FillPhiloxRandomKernelLaunch<tensorflow::random::UniformDistribution<tensorflow::random::PhiloxRandom, int>>(tensorflow::random::PhiloxRandom, tensorflow::random::PhiloxRandomResultElementType*, __int64, tensorflow::functor::FillPhiloxRandomKernelLaunch<tensorflow::random::UniformDistribution<tensorflow::random::PhiloxRandom, int>>)",140000,dram_write_transactions,Device,Memory,Write,Transactions,16,15946,143,20020000
    Kernel: sgemm_32x32x32_NN,700,dram_write_transactions,Device,Memory,Write,Transactions,756,1332,1029,720300
"    Kernel: void Eigen::internal::EigenMetaKernel<Eigen::TensorEvaluator<Eigen::TensorAssignOp<Eigen::TensorMap<Eigen::Tensor<__int64, int=1, int=1, long>, int=16, Eigen::MakePointer>, Eigen::TensorConversionOp<__int64, Eigen::TensorTupleReducerOp<Eigen::internal::ArgMaxTupleReducer<Eigen::Tuple<long, float>>, Eigen::array<long, unsigned long=1> const , Eigen::TensorMap<Eigen::Tensor<float const , int=2, int=1, long>, int=16, Eigen::MakePointer> const > const > const > const , Eigen::GpuDevice>, long>(__int64, int=1)",1400,dram_write_transactions,Device,Memory,Write,Transactions,0,268,8,11200
"    Kernel: void tensorflow::functor::BlockReduceKernel<float*, float*, int=256, tensorflow::functor::Sum<float>>(float*, float*, int, float, std::iterator_traits<tensorflow::functor::BlockReduceKernel<float*, float*, int=256, tensorflow::functor::Sum<float>>>::value_type)",1400,dram_write_transactions,Device,Memory,Write,Transactions,0,8,0,0
"    Kernel: void fft2d_r2c_32x32<float, bool=0, unsigned int=1, bool=1>(float2*, float const *, int, int, int, int, int, int, int, int, int, cudnn::reduced_divisor, bool, int2, int, int)",5,dram_write_transactions,Device,Memory,Write,Transactions,23996,35649497,9473500,47367500
,,,,,,,,,,18770248625
