"    Kernel: void cudnn::winograd_nonfused::winogradForwardOutput4x4<float, float>(cudnn::winograd_nonfused::WinogradOutputParams<float, float>)",4,dram_read_transactions,Device,Memory,Read,Transactions,300,29232,8017,32068
"    Kernel: void flip_filter<float, float>(float*, float const *, int, int, int, int)",13,dram_read_transactions,Device,Memory,Read,Transactions,559,294959,57028,741364
    Kernel: maxwell_gcgemm_32x32_nt,12,dram_read_transactions,Device,Memory,Read,Transactions,16960,36768948,4404486,52853832
    Kernel: maxwell_sgemm_128x64_nn,4,dram_read_transactions,Device,Memory,Read,Transactions,456,1215760,393228,1572912
"    Kernel: void Eigen::internal::EigenMetaKernel<Eigen::TensorEvaluator<Eigen::TensorAssignOp<Eigen::TensorReshapingOp<Eigen::IndexList<int> const , Eigen::TensorMap<Eigen::Tensor<float, int=2, int=1, long>, int=16, Eigen::MakePointer>>, Eigen::TensorReductionOp<Eigen::internal::SumReducer<float>, Eigen::IndexList<Eigen::type2index<long=1>> const , Eigen::TensorCwiseUnaryOp<Eigen::internal::scalar_exp_op<float>, Eigen::TensorMap<Eigen::Tensor<float, int=2, int=1, long>, int=16, Eigen::MakePointer> const > const , Eigen::MakePointer> const > const , Eigen::GpuDevice>, long>(int, )",4375,dram_read_transactions,Device,Memory,Read,Transactions,248,376,268,1172500
"    Kernel: void cudnn::detail::explicit_convolve_sgemm<float, int, int=1024, int=5, int=5, int=3, int=3, int=3, int=0, bool=1>(int, int, int, float const *, int, float const , int, cudnn::detail::explicit_convolve_sgemm<float, int, int=1024, int=5, int=5, int=3, int=3, int=3, int=0, bool=1>*, kernel_conv_params, int, int, float, float, int, float const *, float const *)",10,dram_read_transactions,Device,Memory,Read,Transactions,8601,268345,64566,645660
    Kernel: maxwell_cgemm_32x64_tn,11,dram_read_transactions,Device,Memory,Read,Transactions,161367,10588444,3629474,39924214
    Kernel: maxwell_scudnn_128x64_relu_small_nn,1,dram_read_transactions,Device,Memory,Read,Transactions,17787,17787,17787,17787
"    Kernel: void Eigen::internal::EigenMetaKernel<Eigen::TensorEvaluator<Eigen::TensorAssignOp<Eigen::TensorMap<Eigen::Tensor<float, int=1, int=1, int>, int=16, Eigen::MakePointer>, Eigen::TensorCwiseUnaryOp<Eigen::internal::scalar_left<float, float, Eigen::internal::scalar_sum_op<float, float>, bool=0>, Eigen::TensorMap<Eigen::Tensor<float const , int=1, int=1, int>, int=16, Eigen::MakePointer> const > const > const , Eigen::GpuDevice>, int>(float, int=1)",54,dram_read_transactions,Device,Memory,Read,Transactions,518,294918,54345,2934630
"    Kernel: void Eigen::internal::EigenMetaKernel<Eigen::TensorEvaluator<Eigen::TensorEvalToOp<Eigen::TensorCwiseUnaryOp<Eigen::internal::scalar_log_op<float>, Eigen::TensorMap<Eigen::Tensor<float, int=2, int=1, long>, int=16, Eigen::MakePointer> const > const , Eigen::MakePointer> const , Eigen::GpuDevice>, long>(float, Eigen::internal::scalar_log_op<float>)",4375,dram_read_transactions,Device,Memory,Read,Transactions,72,112,75,328125
"    Kernel: void Eigen::internal::EigenMetaKernel<Eigen::TensorEvaluator<Eigen::TensorAssignOp<Eigen::TensorMap<Eigen::Tensor<float, int=1, int=1, long>, int=16, Eigen::MakePointer>, Eigen::TensorConversionOp<float, Eigen::TensorMap<Eigen::Tensor<int const , int=1, int=1, long>, int=16, Eigen::MakePointer> const > const > const , Eigen::GpuDevice>, long>(float, int=1)",8750,dram_read_transactions,Device,Memory,Read,Transactions,0,56,15,131250
"    Kernel: void Eigen::internal::EigenMetaKernel<Eigen::TensorEvaluator<Eigen::TensorEvalToOp<Eigen::TensorCwiseBinaryOp<Eigen::internal::scalar_product_op<float const , float const >, Eigen::TensorBroadcastingOp<Eigen::array<long, unsigned long=2> const , Eigen::TensorMap<Eigen::Tensor<float const , int=2, int=1, long>, int=16, Eigen::MakePointer> const > const , Eigen::TensorCwiseBinaryOp<Eigen::internal::scalar_difference_op<float, float>, Eigen::TensorBroadcastingOp<Eigen::IndexList<Eigen::type2index<long=1>> const , Eigen::TensorForcedEvalOp<Eigen::TensorCwiseUnaryOp<Eigen::internal::scalar_log_op<float>, Eigen::TensorMap<Eigen::Tensor<float, int=2, int=1, long>, int=16, Eigen::MakePointer> const > const > const > const , Eigen::TensorMap<Eigen::Tensor<float, int=2, int=1, long>, int=16, Eigen::MakePointer> const > const > const , Eigen::MakePointer> const , Eigen::GpuDevice>, long>(float const , float const )",4375,dram_read_transactions,Device,Memory,Read,Transactions,156,222,162,708750
"    Kernel: void tensorflow::BiasNHWCKernel<float>(int, float const *, float const , tensorflow::BiasNHWCKernel<float>*, int)",4375,dram_read_transactions,Device,Memory,Read,Transactions,34,82,42,183750
"    Kernel: void Eigen::internal::EigenMetaKernel<Eigen::TensorEvaluator<Eigen::TensorAssignOp<Eigen::TensorMap<Eigen::Tensor<bool, int=1, int=1, int>, int=16, Eigen::MakePointer>, Eigen::TensorCwiseUnaryOp<Eigen::internal::scalar_right<bool, bool, Eigen::internal::scalar_boolean_and_op, bool=0>, Eigen::TensorMap<Eigen::Tensor<bool const , int=1, int=1, int>, int=16, Eigen::MakePointer> const > const > const , Eigen::GpuDevice>, int>(bool, int=1)",70002,dram_read_transactions,Device,Memory,Read,Transactions,0,40,0,0
"    Kernel: void Eigen::internal::EigenMetaKernel<Eigen::TensorEvaluator<Eigen::TensorAssignOp<Eigen::TensorMap<Eigen::Tensor<float, int=3, int=1, int>, int=16, Eigen::MakePointer>, Eigen::TensorSlicingOp<Eigen::DSizes<long, int=3> const , Eigen::DSizes<long, int=3> const , Eigen::TensorMap<Eigen::Tensor<float const , int=3, int=1, int>, int=16, Eigen::MakePointer> const > const > const , Eigen::GpuDevice>, int>(float, int=3)",70000,dram_read_transactions,Device,Memory,Read,Transactions,98,170,98,6860000
"    Kernel: void tensorflow::functor::SwapDimension1And2InTensor3UsingTiles<unsigned int, int=1024, int=1024, int=2, bool=0>(unsigned int const *, tensorflow::functor::Dimension<int=3>, tensorflow::functor::SwapDimension1And2InTensor3UsingTiles<unsigned int, int=1024, int=1024, int=2, bool=0>*)",4375,dram_read_transactions,Device,Memory,Read,Transactions,192,368,192,840000
    Kernel: cudnn::maxwell::gemm::computeOffsetsKernel(cudnn::maxwell::gemm::ComputeOffsetsParams),4394,dram_read_transactions,Device,Memory,Read,Transactions,48,112,55,241670
"    Kernel: void Eigen::internal::EigenMetaKernel<Eigen::TensorEvaluator<Eigen::TensorAssignOp<Eigen::TensorMap<Eigen::Tensor<float, int=1, int=1, long>, int=16, Eigen::MakePointer>, Eigen::TensorReductionOp<Eigen::internal::SumReducer<float>, Eigen::IndexList<Eigen::type2index<long=1>> const , Eigen::TensorForcedEvalOp<Eigen::TensorCwiseBinaryOp<Eigen::internal::scalar_product_op<float const , float const >, Eigen::TensorBroadcastingOp<Eigen::array<long, unsigned long=2> const , Eigen::TensorMap<Eigen::Tensor<float const , int=2, int=1, long>, int=16, Eigen::MakePointer> const > const , Eigen::TensorCwiseBinaryOp<Eigen::internal::scalar_difference_op<float, float>, Eigen::TensorBroadcastingOp<Eigen::IndexList<Eigen::type2index<long=1>> const , Eigen::TensorForcedEvalOp<Eigen::TensorCwiseUnaryOp<Eigen::internal::scalar_log_op<float>, Eigen::TensorMap<Eigen::Tensor<float, int=2, int=1, long>, int=16, Eigen::MakePointer> const > const > const > const , Eigen::TensorMap<Eigen::Tensor<float, int=2, int=1, long>, int=16, Eigen::MakePointer> const > const > const > const , Eigen::MakePointer> const > const , Eigen::GpuDevice>, long>(float, int=1)",4375,dram_read_transactions,Device,Memory,Read,Transactions,229,429,236,1032500
"    Kernel: void Eigen::internal::EigenMetaKernel<Eigen::TensorEvaluator<Eigen::TensorAssignOp<Eigen::TensorMap<Eigen::Tensor<float, int=1, int=1, long>, int=16, Eigen::MakePointer>, Eigen::TensorCwiseBinaryOp<Eigen::internal::scalar_max_op<float const , float const >, Eigen::TensorMap<Eigen::Tensor<float const , int=1, int=1, long>, int=16, Eigen::MakePointer> const , Eigen::TensorCwiseNullaryOp<Eigen::internal::scalar_constant_op<float const >, Eigen::TensorMap<Eigen::Tensor<float const , int=1, int=1, long>, int=16, Eigen::MakePointer> const > const > const > const , Eigen::GpuDevice>, long>(float, int=1)",214375,dram_read_transactions,Device,Memory,Read,Transactions,0,193,3,643125
"    Kernel: void tensorflow::_GLOBAL__N__64_tmpxft_00066e33_00000000_12_softmax_op_gpu_cu_compute_75_cpp1_ii_d41ce5d8::GenerateNormalizedProb<float, float>(float const *, float const *, float const , tensorflow::_GLOBAL__N__64_tmpxft_00066e33_00000000_12_softmax_op_gpu_cu_compute_75_cpp1_ii_d41ce5d8::GenerateNormalizedProb<float, float>*, int, int, bool)",4375,dram_read_transactions,Device,Memory,Read,Transactions,64,112,64,280000
"    Kernel: void cudnn::detail::implicit_convolve_sgemm<float, float, int=128, int=5, int=5, int=3, int=3, int=3, int=1, bool=1, bool=0, bool=1>(int, int, int, float const *, int, float*, cudnn::detail::implicit_convolve_sgemm<float, float, int=128, int=5, int=5, int=3, int=3, int=3, int=1, bool=1, bool=0, bool=1>*, kernel_conv_params, int, float, float, int, float, float, int, int)",179392,dram_read_transactions,Device,Memory,Read,Transactions,0,299563,52285,9379510720
"    Kernel: void Eigen::internal::EigenMetaKernel<Eigen::TensorEvaluator<Eigen::TensorAssignOp<Eigen::TensorMap<Eigen::Tensor<float, int=1, int=1, long>, int=16, Eigen::MakePointer>, Eigen::TensorCwiseBinaryOp<Eigen::internal::scalar_sum_op<float const , float const >, Eigen::TensorMap<Eigen::Tensor<float, int=1, int=1, long>, int=16, Eigen::MakePointer> const , Eigen::TensorMap<Eigen::Tensor<float const , int=1, int=1, long>, int=16, Eigen::MakePointer> const > const > const , Eigen::GpuDevice>, long>(float, int=1)",8750,dram_read_transactions,Device,Memory,Read,Transactions,1,81,20,175000
    Kernel: redzone_checker,340,dram_read_transactions,Device,Memory,Read,Transactions,262151,262243,262156,89133040
    Kernel: maxwell_scudnn_winograd_128x128_ldg1_ldg4_tile418n_nt,3,dram_read_transactions,Device,Memory,Read,Transactions,13281,1006393,428785,1286355
"    Kernel: void cudnn::detail::bn_fw_inf_1C11_kernel_NCHW<float, float, bool=1, int=1>(float, cudnn::detail::bn_fw_inf_1C11_kernel_NCHW<float, float, bool=1, int=1>, cudnnTensorStruct, float const *, float, cudnnTensorStruct*, float, cudnn::detail::bn_fw_inf_1C11_kernel_NCHW<float, float, bool=1, int=1> const *, cudnn::detail::bn_fw_inf_1C11_kernel_NCHW<float, float, bool=1, int=1> const , cudnn::detail::bn_fw_inf_1C11_kernel_NCHW<float, float, bool=1, int=1> const , cudnn::detail::bn_fw_inf_1C11_kernel_NCHW<float, float, bool=1, int=1> const , cudnn::detail::bn_fw_inf_1C11_kernel_NCHW<float, float, bool=1, int=1>)",231875,dram_read_transactions,Device,Memory,Read,Transactions,0,646,63,14608125
"    Kernel: void Eigen::internal::EigenMetaKernel<Eigen::TensorEvaluator<Eigen::TensorAssignOp<Eigen::TensorMap<Eigen::Tensor<float, int=1, int=1, int>, int=16, Eigen::MakePointer>, Eigen::TensorCwiseUnaryOp<Eigen::internal::scalar_right<float, float, Eigen::internal::scalar_product_op<float, float>, bool=0>, Eigen::TensorMap<Eigen::Tensor<float const , int=1, int=1, int>, int=16, Eigen::MakePointer> const > const > const , Eigen::GpuDevice>, int>(float, int=1)",24,dram_read_transactions,Device,Memory,Read,Transactions,518,294913,59510,1428240
"    Kernel: void tensorflow::_GLOBAL__N__69_tmpxft_0004ac8c_00000000_12_concat_lib_gpu_impl_cu_compute_75_cpp1_ii_4d892484::concat_fixed_kernel<float, int>(tensorflow::GpuDeviceArrayStruct<float const *, int=8>, int, int, int, tensorflow::GpuDeviceArrayStruct*)",2,dram_read_transactions,Device,Memory,Read,Transactions,2002591,12015256,7008923,14017846
"    Kernel: void Eigen::internal::EigenMetaKernel<Eigen::TensorEvaluator<Eigen::TensorAssignOp<Eigen::TensorReshapingOp<Eigen::IndexList<int> const , Eigen::TensorMap<Eigen::Tensor<float, int=2, int=1, long>, int=16, Eigen::MakePointer>>, Eigen::TensorReductionOp<Eigen::internal::MaxReducer<float>, Eigen::IndexList<Eigen::type2index<long=1>> const , Eigen::TensorBroadcastingOp<Eigen::array<long, unsigned long=2> const , Eigen::TensorMap<Eigen::Tensor<float const , int=2, int=1, long>, int=16, Eigen::MakePointer> const > const , Eigen::MakePointer> const > const , Eigen::GpuDevice>, long>(int, )",4375,dram_read_transactions,Device,Memory,Read,Transactions,133,245,148,647500
"    Kernel: void Eigen::internal::EigenMetaKernel<Eigen::TensorEvaluator<Eigen::TensorAssignOp<Eigen::TensorMap<Eigen::Tensor<float, int=2, int=1, long>, int=16, Eigen::MakePointer>, Eigen::TensorCwiseBinaryOp<Eigen::internal::scalar_difference_op<float, float>, Eigen::TensorCwiseBinaryOp<Eigen::internal::scalar_quotient_op<float, float>, Eigen::TensorCwiseUnaryOp<Eigen::internal::scalar_exp_op<float>, Eigen::TensorMap<Eigen::Tensor<float, int=2, int=1, long>, int=16, Eigen::MakePointer> const > const , Eigen::TensorBroadcastingOp<Eigen::IndexList<Eigen::type2index<long=1>> const , Eigen::TensorMap<Eigen::Tensor<float, int=2, int=1, long>, int=16, Eigen::MakePointer> const > const > const , Eigen::TensorBroadcastingOp<Eigen::array<long, unsigned long=2> const , Eigen::TensorMap<Eigen::Tensor<float const , int=2, int=1, long>, int=16, Eigen::MakePointer> const > const > const > const , Eigen::GpuDevice>, long>(float, int=2)",4375,dram_read_transactions,Device,Memory,Read,Transactions,176,280,195,853125
"    Kernel: void Eigen::internal::EigenMetaKernel<Eigen::TensorEvaluator<Eigen::TensorAssignOp<Eigen::TensorMap<Eigen::Tensor<float, int=1, int=1, int>, int=16, Eigen::MakePointer>, Eigen::TensorCwiseUnaryOp<Eigen::internal::scalar_right<float, float, Eigen::internal::div_no_nan_op<float>, bool=0>, Eigen::TensorMap<Eigen::Tensor<float const , int=1, int=1, int>, int=16, Eigen::MakePointer> const > const > const , Eigen::GpuDevice>, int>(float, int=1)",8750,dram_read_transactions,Device,Memory,Read,Transactions,0,96,27,236250
"    Kernel: void cudnn::detail::explicit_convolve_sgemm<float, int, int=128, int=5, int=5, int=3, int=3, int=3, int=0, bool=1>(int, int, int, float const *, int, float const , int, cudnn::detail::explicit_convolve_sgemm<float, int, int=128, int=5, int=5, int=3, int=3, int=3, int=0, bool=1>*, kernel_conv_params, int, int, float, float, int, float const *, float const *)",10,dram_read_transactions,Device,Memory,Read,Transactions,921,323845,79754,797540
"    Kernel: void cudnn::detail::implicit_convolve_sgemm<float, float, int=1024, int=5, int=5, int=3, int=3, int=3, int=1, bool=1, bool=0, bool=1>(int, int, int, float const *, int, float*, cudnn::detail::implicit_convolve_sgemm<float, float, int=1024, int=5, int=5, int=3, int=3, int=3, int=1, bool=1, bool=0, bool=1>*, kernel_conv_params, int, float, float, int, float, float, int, int)",48129,dram_read_transactions,Device,Memory,Read,Transactions,104,91675,6085,292864965
"    Kernel: void fft2d_r2c_32x32<float, bool=0, unsigned int=0, bool=0>(float2*, float const *, int, int, int, int, int, int, int, int, int, cudnn::reduced_divisor, bool, int2, int, int)",4,dram_read_transactions,Device,Memory,Read,Transactions,3502,7702,5376,21504
"    Kernel: void fft1d_r2c_32<float, float, float2, bool=0, bool=0>(float2*, float const *, int, int3, int3, int2, int2)",9,dram_read_transactions,Device,Memory,Read,Transactions,4726,51843,17556,158004
"    Kernel: void fft1d_r2c_32<float, float, float2, bool=1, bool=0>(float2*, float const *, int, int3, int3, int2, int2)",9,dram_read_transactions,Device,Memory,Read,Transactions,1142,141691,41956,377604
"    Kernel: void im2col4d_kernel<float, int>(im2col4d_params, cudnnConvolutionStruct, cudnnTensor4dStruct, float const *, float*, int)",20,dram_read_transactions,Device,Memory,Read,Transactions,4203,51307,18240,364800
"    Kernel: void tensorflow::functor::RowReduceKernel<float*, tensorflow::TransformOutputIterator<float, float, tensorflow::functor::DividesBy<float, float>, long>, tensorflow::functor::Sum<float>>(float*, float, int, int, float, std::iterator_traits<tensorflow::functor::RowReduceKernel<float*, tensorflow::TransformOutputIterator<float, float, tensorflow::functor::DividesBy<float, float>, long>, tensorflow::functor::Sum<float>>>::value_type)",4375,dram_read_transactions,Device,Memory,Read,Transactions,96,336,104,455000
"    Kernel: void cudnn::winograd_nonfused::winogradForwardData4x4<float, float>(cudnn::winograd_nonfused::WinogradDataParams<float, float>)",4,dram_read_transactions,Device,Memory,Read,Transactions,4428,13124,7306,29224
"    Kernel: void fft2d_c2r_32x32<float, bool=1, bool=0, unsigned int=0, bool=0, bool=0>(float*, float2 const *, int, int, int, int, int, int, int, int, int, float, float, cudnn::reduced_divisor, bool, float*, float*, int2, int, int)",4,dram_read_transactions,Device,Memory,Read,Transactions,118513,119425,118917,475668
"    Kernel: void fft2d_c2r_32x32<float, bool=0, bool=0, unsigned int=1, bool=0, bool=0>(float*, float2 const *, int, int, int, int, int, int, int, int, int, float, float, cudnn::reduced_divisor, bool, float*, float*, int2, int, int)",4,dram_read_transactions,Device,Memory,Read,Transactions,127765,1114377,518929,2075716
"    Kernel: compute_gemm_pointers(float2**, float2 const *, int, float2 const *, int, float2 const *, int, int)",11,dram_read_transactions,Device,Memory,Read,Transactions,31,39,36,396
    Kernel: maxwell_cgemm_32x32_tn,144,dram_read_transactions,Device,Memory,Read,Transactions,264196,264464,264199,38044656
"    Kernel: void tensorflow::functor::ShuffleInTensor3Simple<float, int=2, int=1, int=0, bool=0>(int, float const *, tensorflow::functor::Dimension<int=3>, tensorflow::functor::ShuffleInTensor3Simple<float, int=2, int=1, int=0, bool=0>*)",231875,dram_read_transactions,Device,Memory,Read,Transactions,512,296860,55391,12843788125
"    Kernel: void fft1d_c2r_32<float2, float, float, bool=0, bool=1, bool=0, bool=0>(float*, float2 const *, int, int3, int3, int2, int, float, float, float*, float*)",9,dram_read_transactions,Device,Memory,Read,Transactions,318,273778,101443,912987
    Kernel: maxwell_scudnn_winograd_128x128_ldg1_ldg4_tile228n_nt,1,dram_read_transactions,Device,Memory,Read,Transactions,6873,6873,6873,6873
"    Kernel: void cgemm_largek<bool=1, bool=0, bool=0, bool=0, int=4, int=4, int=4, int=3, int=3, int=18>(float2*, float2 const *, float2 const *, int, int, int, int, int, int, float2 const *, float2 const *, float2, float2, int, int, int*, int*)",144,dram_read_transactions,Device,Memory,Read,Transactions,272465,272781,272565,39249360
"    Kernel: void Eigen::internal::EigenMetaKernel<Eigen::TensorEvaluator<Eigen::TensorAssignOp<Eigen::TensorMap<Eigen::Tensor<float, int=1, int=1, long>, int=16, Eigen::MakePointer>, Eigen::TensorConversionOp<float, Eigen::TensorMap<Eigen::Tensor<bool const , int=1, int=1, long>, int=16, Eigen::MakePointer> const > const > const , Eigen::GpuDevice>, long>(float, int=1)",4375,dram_read_transactions,Device,Memory,Read,Transactions,24,76,27,118125
    Kernel: cudnn_maxwell_gcgemm_32x32_nt_batched,3,dram_read_transactions,Device,Memory,Read,Transactions,244565,4799205,3192709,9578127
"    Kernel: void fft2d_r2c_16x16<float>(float2*, float const *, int, int, int, int, int, int, int, int)",26,dram_read_transactions,Device,Memory,Read,Transactions,335,294719,35041,911066
    Kernel: maxwell_scudnn_128x64_relu_interior_nn,4378,dram_read_transactions,Device,Memory,Read,Transactions,360,53610,382,1672396
"    Kernel: void tensorflow::functor::RowReduceKernel<cub::TransformInputIterator<float, tensorflow::_GLOBAL__N__64_tmpxft_00066e33_00000000_12_softmax_op_gpu_cu_compute_75_cpp1_ii_d41ce5d8::SubtractAndExpFunctor<float, float>, cub::CountingInputIterator<int, long>, long>, float*, cub::Sum>(float, float, int, int, float, std::iterator_traits<tensorflow::functor::RowReduceKernel<cub::TransformInputIterator<float, tensorflow::_GLOBAL__N__64_tmpxft_00066e33_00000000_12_softmax_op_gpu_cu_compute_75_cpp1_ii_d41ce5d8::SubtractAndExpFunctor<float, float>, cub::CountingInputIterator<int, long>, long>, float*, cub::Sum>>::value_type)",4375,dram_read_transactions,Device,Memory,Read,Transactions,72,120,81,354375
"    Kernel: void Eigen::internal::EigenMetaKernel<Eigen::TensorEvaluator<Eigen::TensorAssignOp<Eigen::TensorMap<Eigen::Tensor<float, int=2, int=1, long>, int=16, Eigen::MakePointer>, Eigen::TensorCwiseBinaryOp<Eigen::internal::scalar_difference_op<float const , float const >, Eigen::TensorBroadcastingOp<Eigen::array<long, unsigned long=2> const , Eigen::TensorMap<Eigen::Tensor<float const , int=2, int=1, long>, int=16, Eigen::MakePointer> const > const , Eigen::TensorBroadcastingOp<Eigen::IndexList<Eigen::type2index<long=1>> const , Eigen::TensorMap<Eigen::Tensor<float, int=2, int=1, long>, int=16, Eigen::MakePointer> const > const > const > const , Eigen::GpuDevice>, long>(float, int=2)",4375,dram_read_transactions,Device,Memory,Read,Transactions,128,200,141,616875
"    Kernel: void cudnn::detail::pooling_fw_4d_kernel<float, float, cudnn::detail::maxpooling_func<float, cudnnNanPropagation_t=0>, int=0, bool=0>(cudnnTensorStruct, float const *, cudnn::detail::pooling_fw_4d_kernel<float, float, cudnn::detail::maxpooling_func<float, cudnnNanPropagation_t=0>, int=0, bool=0>, cudnnTensorStruct*, cudnnPoolingStruct, float, cudnnPoolingStruct, int, cudnn::reduced_divisor, float)",4375,dram_read_transactions,Device,Memory,Read,Transactions,3339,6765,4390,19206250
"    Kernel: void fft2d_r2c_32x32<float, bool=0, unsigned int=1, bool=0>(float2*, float const *, int, int, int, int, int, int, int, int, int, cudnn::reduced_divisor, bool, int2, int, int)",4,dram_read_transactions,Device,Memory,Read,Transactions,4590,13286,7464,29856
    Kernel: maxwell_scudnn_128x128_relu_small_nn,2,dram_read_transactions,Device,Memory,Read,Transactions,25307,78811,52059,104118
    Kernel: cudnn_maxwell_cgemm_32x64_nt_batched,2,dram_read_transactions,Device,Memory,Read,Transactions,445,97845,49145,98290
"    Kernel: void cudnn::winograd_nonfused::winogradForwardFilter4x4<float, float>(cudnn::winograd_nonfused::WinogradFilterParams<float, float>)",4,dram_read_transactions,Device,Memory,Read,Transactions,4783,295095,98099,392396
"    Kernel: void Eigen::internal::EigenMetaKernel<Eigen::TensorEvaluator<Eigen::TensorAssignOp<Eigen::TensorMap<Eigen::Tensor<float, int=1, int=1, int>, int=16, Eigen::MakePointer>, Eigen::TensorCwiseBinaryOp<Eigen::internal::scalar_sum_op<float, float>, Eigen::TensorMap<Eigen::Tensor<float const , int=1, int=1, int>, int=16, Eigen::MakePointer> const , Eigen::TensorMap<Eigen::Tensor<float const , int=1, int=1, long>, int=16, Eigen::MakePointer> const > const > const , Eigen::GpuDevice>, long>(float, int=1)",70000,dram_read_transactions,Device,Memory,Read,Transactions,7808,55836,23890,1672300000
"    Kernel: void Eigen::internal::EigenMetaKernel<Eigen::TensorEvaluator<Eigen::TensorAssignOp<Eigen::TensorMap<Eigen::Tensor<bool, int=1, int=1, int>, int=16, Eigen::MakePointer>, Eigen::TensorCwiseBinaryOp<Eigen::internal::equal_to<__int64>, Eigen::TensorMap<Eigen::Tensor<__int64 const , int=1, int=1, int>, int=16, Eigen::MakePointer> const , Eigen::TensorMap<Eigen::Tensor<__int64 const , int=1, int=1, long>, int=16, Eigen::MakePointer> const > const > const , Eigen::GpuDevice>, long>(bool, int=1)",4375,dram_read_transactions,Device,Memory,Read,Transactions,28,105,34,148750
"    Kernel: void tensorflow::BiasNCHWKernel<float>(int, float const *, float const , tensorflow::BiasNCHWKernel<float>*, int, int)",231875,dram_read_transactions,Device,Memory,Read,Transactions,0,51287,2618,607048750
"    Kernel: void cudnn::winograd::generateWinogradTilesKernel<int=0, float, float>(cudnn::winograd::GenerateWinogradTilesParams<float, float>)",4,dram_read_transactions,Device,Memory,Read,Transactions,4855,295636,98314,393256
    Kernel: maxwell_scudnn_128x128_relu_interior_nn,13,dram_read_transactions,Device,Memory,Read,Transactions,15050,281035,80035,1040455
"    Kernel: void Eigen::internal::EigenMetaKernel<Eigen::TensorEvaluator<Eigen::TensorAssignOp<Eigen::TensorMap<Eigen::Tensor<float, int=1, int=1, int>, int=16, Eigen::MakePointer>, Eigen::TensorCwiseUnaryOp<Eigen::internal::scalar_left<float, float, Eigen::internal::scalar_product_op<float, float>, bool=0>, Eigen::TensorMap<Eigen::Tensor<float const , int=1, int=1, int>, int=16, Eigen::MakePointer> const > const > const , Eigen::GpuDevice>, int>(float, int=1)",30,dram_read_transactions,Device,Memory,Read,Transactions,2048,294918,50214,1506420
"    Kernel: void Eigen::internal::EigenMetaKernel<Eigen::TensorEvaluator<Eigen::TensorAssignOp<Eigen::TensorMap<Eigen::Tensor<float, int=4, int=1, int>, int=16, Eigen::MakePointer>, Eigen::TensorPaddingOp<Eigen::array<Eigen::IndexPair<int>, unsigned long=4> const , Eigen::TensorMap<Eigen::Tensor<float const , int=4, int=1, int>, int=16, Eigen::MakePointer> const > const > const , Eigen::GpuDevice>, int>(float, int=4)",4375,dram_read_transactions,Device,Memory,Read,Transactions,432,592,432,1890000
"    Kernel: void tensorflow::functor::RowReduceKernel<float const *, float*, cub::Max>(float const *, float*, int, int, cub::Max, std::iterator_traits<tensorflow::functor::RowReduceKernel<float const *, float*, cub::Max>>::value_type)",4375,dram_read_transactions,Device,Memory,Read,Transactions,56,96,56,245000
"    Kernel: void Eigen::internal::EigenMetaKernel<Eigen::TensorEvaluator<Eigen::TensorAssignOp<Eigen::TensorMap<Eigen::Tensor<float, int=3, int=1, int>, int=16, Eigen::MakePointer>, Eigen::TensorPaddingOp<Eigen::array<Eigen::IndexPair<int>, unsigned long=3> const , Eigen::TensorMap<Eigen::Tensor<float const , int=3, int=1, int>, int=16, Eigen::MakePointer> const > const > const , Eigen::GpuDevice>, int>(float, int=3)",74375,dram_read_transactions,Device,Memory,Read,Transactions,98,5751,376,27965000
"    Kernel: void tensorflow::functor::FillPhiloxRandomKernelLaunch<tensorflow::random::UniformDistribution<tensorflow::random::PhiloxRandom, float>>(tensorflow::random::PhiloxRandom, tensorflow::random::PhiloxRandomResultElementType*, __int64, tensorflow::functor::FillPhiloxRandomKernelLaunch<tensorflow::random::UniformDistribution<tensorflow::random::PhiloxRandom, float>>)",54,dram_read_transactions,Device,Memory,Read,Transactions,0,241,9,486
"    Kernel: void fft2d_c2r_16x16<float, bool=0>(float*, float2*, int, int, int, int, int, int, int, int, int, int, float, float, int, float*, float*)",13,dram_read_transactions,Device,Memory,Read,Transactions,17298,1179630,252096,3277248
"    Kernel: void tensorflow::functor::FillPhiloxRandomKernelLaunch<tensorflow::random::UniformDistribution<tensorflow::random::PhiloxRandom, int>>(tensorflow::random::PhiloxRandom, tensorflow::random::PhiloxRandomResultElementType*, __int64, tensorflow::functor::FillPhiloxRandomKernelLaunch<tensorflow::random::UniformDistribution<tensorflow::random::PhiloxRandom, int>>)",140000,dram_read_transactions,Device,Memory,Read,Transactions,0,176,0,0
    Kernel: sgemm_32x32x32_NN,4375,dram_read_transactions,Device,Memory,Read,Transactions,2816,3088,2823,12350625
"    Kernel: void Eigen::internal::EigenMetaKernel<Eigen::TensorEvaluator<Eigen::TensorAssignOp<Eigen::TensorMap<Eigen::Tensor<__int64, int=1, int=1, long>, int=16, Eigen::MakePointer>, Eigen::TensorConversionOp<__int64, Eigen::TensorTupleReducerOp<Eigen::internal::ArgMaxTupleReducer<Eigen::Tuple<long, float>>, Eigen::array<long, unsigned long=1> const , Eigen::TensorMap<Eigen::Tensor<float const , int=2, int=1, long>, int=16, Eigen::MakePointer> const > const > const > const , Eigen::GpuDevice>, long>(__int64, int=1)",8750,dram_read_transactions,Device,Memory,Read,Transactions,0,244,67,586250
"    Kernel: void tensorflow::functor::BlockReduceKernel<float*, float*, int=256, tensorflow::functor::Sum<float>>(float*, float*, int, float, std::iterator_traits<tensorflow::functor::BlockReduceKernel<float*, float*, int=256, tensorflow::functor::Sum<float>>>::value_type)",8750,dram_read_transactions,Device,Memory,Read,Transactions,0,144,42,367500
"    Kernel: void scal_kernel<float2, float2, int=1, bool=1, int=6, int=4, int=4, int=4>(cublasTransposeParams<float2>, float2 const *, float2*, float2 const *)",144,dram_read_transactions,Device,Memory,Read,Transactions,6,38,6,864
"    Kernel: void fft2d_r2c_32x32<float, bool=0, unsigned int=1, bool=1>(float2*, float const *, int, int, int, int, int, int, int, int, int, cudnn::reduced_divisor, bool, int2, int, int)",5,dram_read_transactions,Device,Memory,Read,Transactions,1670,351141,90466,452330
,,,,,,,,,,25195317568
